x_m,y_m,s_m,track_width_m
9.96600,6.46650,0.00000,0.4500
9.96592,6.48650,0.02000,0.4500
9.96584,6.50650,0.04000,0.4500
9.96578,6.52649,0.05999,0.4500
9.96574,6.54649,0.07999,0.4500
9.96570,6.56649,0.09999,0.4500
9.96562,6.58649,0.11999,0.4500
9.96554,6.60648,0.13998,0.4500
9.96548,6.62648,0.15998,0.4500
9.96544,6.64648,0.17998,0.4500
9.96540,6.66648,0.19998,0.4500
9.96532,6.68647,0.21998,0.4500
9.96524,6.70647,0.23997,0.4500
9.96518,6.72647,0.25997,0.4500
9.96514,6.74647,0.27997,0.4500
9.96510,6.76647,0.29997,0.4500
9.96502,6.78646,0.31996,0.4500
9.96494,6.80646,0.33996,0.4500
9.96488,6.82646,0.35996,0.4500
9.96484,6.84646,0.37996,0.4500
9.96480,6.86645,0.39996,0.4500
9.96472,6.88645,0.41995,0.4500
9.96464,6.90645,0.43995,0.4500
9.96458,6.92645,0.45995,0.4500
9.96454,6.94645,0.47995,0.4500
9.96450,6.96644,0.49995,0.4500
9.96442,6.98644,0.51994,0.4500
9.96434,7.00644,0.53994,0.4500
9.96428,7.02644,0.55994,0.4500
9.96424,7.04643,0.57994,0.4500
9.96420,7.06643,0.59993,0.4500
9.96412,7.08643,0.61993,0.4500
9.96404,7.10643,0.63993,0.4500
9.96396,7.12642,0.65993,0.4500
9.96388,7.14642,0.67993,0.4500
9.96380,7.16642,0.69992,0.4500
9.96376,7.18642,0.71992,0.4500
9.96372,7.20642,0.73992,0.4500
9.96366,7.22641,0.75992,0.4500
9.96358,7.24641,0.77991,0.4500
9.96350,7.26641,0.79991,0.4500
9.96346,7.28641,0.81991,0.4500
9.96342,7.30640,0.83991,0.4500
9.96336,7.32640,0.85991,0.4500
9.96328,7.34640,0.87990,0.4500
9.96320,7.36640,0.89990,0.4500
9.96316,7.38639,0.91990,0.4500
9.96312,7.40639,0.93990,0.4500
9.96306,7.42639,0.95989,0.4500
9.96298,7.44639,0.97989,0.4500
9.96290,7.46639,0.99989,0.4500
9.96286,7.48638,1.01989,0.4500
9.96282,7.50638,1.03989,0.4500
9.96276,7.52638,1.05988,0.4500
9.96268,7.54638,1.07988,0.4500
9.96260,7.56637,1.09988,0.4500
9.96256,7.58637,1.11988,0.4500
9.96252,7.60637,1.13988,0.4500
9.96246,7.62637,1.15987,0.4500
9.96238,7.64636,1.17987,0.4500
9.96230,7.66636,1.19987,0.4500
9.96226,7.68636,1.21987,0.4500
9.96222,7.70636,1.23986,0.4500
9.96216,7.72636,1.25986,0.4500
9.96208,7.74635,1.27986,0.4500
9.96200,7.76635,1.29986,0.4500
9.96192,7.78635,1.31986,0.4500
9.96184,7.80635,1.33985,0.4500
9.96178,7.82634,1.35985,0.4500
9.96174,7.84634,1.37985,0.4500
9.96170,7.86634,1.39985,0.4500
9.96162,7.88634,1.41984,0.4500
9.96154,7.90633,1.43984,0.4500
9.96148,7.92633,1.45984,0.4500
9.96144,7.94633,1.47984,0.4500
9.96140,7.96633,1.49984,0.4500
9.96132,7.98633,1.51983,0.4500
9.96124,8.00632,1.53983,0.4500
9.96118,8.02632,1.55983,0.4500
9.96114,8.04632,1.57983,0.4500
9.96110,8.06632,1.59982,0.4500
9.96102,8.08631,1.61982,0.4500
9.96094,8.10631,1.63982,0.4500
9.96088,8.12631,1.65982,0.4500
9.96084,8.14631,1.67982,0.4500
9.96080,8.16631,1.69981,0.4500
9.96072,8.18630,1.71981,0.4500
9.96064,8.20630,1.73981,0.4500
9.96058,8.22630,1.75981,0.4500
9.96054,8.24630,1.77981,0.4500
9.96050,8.26629,1.79980,0.4500
9.96042,8.28629,1.81980,0.4500
9.96034,8.30629,1.83980,0.4500
9.96026,8.32629,1.85980,0.4500
9.96018,8.34628,1.87979,0.4500
9.96010,8.36628,1.89979,0.4500
9.96006,8.38628,1.91979,0.4500
9.96002,8.40628,1.93979,0.4500
9.95996,8.42628,1.95979,0.4500
9.95988,8.44627,1.97978,0.4500
9.95980,8.46627,1.99978,0.4500
9.95976,8.48627,2.01978,0.4500
9.95972,8.50627,2.03978,0.4500
9.95966,8.52626,2.05977,0.4500
9.95958,8.54626,2.07977,0.4500
9.95950,8.56626,2.09977,0.4500
9.95946,8.58626,2.11977,0.4500
9.95942,8.60625,2.13977,0.4500
9.95936,8.62625,2.15976,0.4500
9.95928,8.64625,2.17976,0.4500
9.95920,8.66625,2.19976,0.4500
9.95916,8.68625,2.21976,0.4500
9.95912,8.70624,2.23975,0.4500
9.95906,8.72624,2.25975,0.4500
9.95898,8.74624,2.27975,0.4500
9.95890,8.76624,2.29975,0.4500
9.95886,8.78623,2.31975,0.4500
9.95882,8.80623,2.33974,0.4500
9.95876,8.82623,2.35974,0.4500
9.95868,8.84623,2.37974,0.4500
9.95860,8.86622,2.39974,0.4500
9.95856,8.88622,2.41974,0.4500
9.95852,8.90622,2.43973,0.4500
9.95846,8.92622,2.45973,0.4500
9.95838,8.94622,2.47973,0.4500
9.95830,8.96621,2.49973,0.4500
9.95822,8.98621,2.51972,0.4500
9.95814,9.00621,2.53972,0.4500
9.95808,9.02621,2.55972,0.4500
9.95804,9.04620,2.57972,0.4500
9.95800,9.06620,2.59972,0.4500
9.95792,9.08620,2.61971,0.4500
9.95784,9.10620,2.63971,0.4500
9.95778,9.12619,2.65971,0.4500
9.95774,9.14619,2.67971,0.4500
9.95770,9.16619,2.69970,0.4500
9.95762,9.18619,2.71970,0.4500
9.95754,9.20619,2.73970,0.4500
9.95748,9.22618,2.75970,0.4500
9.95744,9.24618,2.77970,0.4500
9.95740,9.26618,2.79969,0.4500
9.95732,9.28618,2.81969,0.4500
9.95724,9.30617,2.83969,0.4500
9.95718,9.32617,2.85969,0.4500
9.95714,9.34617,2.87968,0.4500
9.95710,9.36617,2.89968,0.4500
9.95702,9.38617,2.91968,0.4500
9.95694,9.40616,2.93968,0.4500
9.95688,9.42616,2.95968,0.4500
9.95684,9.44616,2.97967,0.4500
9.95680,9.46616,2.99967,0.4500
9.95672,9.48615,3.01967,0.4500
9.95664,9.50615,3.03967,0.4500
9.95658,9.52615,3.05966,0.4500
9.95654,9.54615,3.07966,0.4500
9.95650,9.56614,3.09966,0.4500
9.95642,9.58614,3.11966,0.4500
9.95634,9.60614,3.13966,0.4500
9.95626,9.62614,3.15965,0.4500
9.95618,9.64614,3.17965,0.4500
9.95610,9.66613,3.19965,0.4500
9.95606,9.68613,3.21965,0.4500
9.95602,9.70613,3.23965,0.4500
9.95596,9.72613,3.25964,0.4500
9.95588,9.74612,3.27964,0.4500
9.95580,9.76612,3.29964,0.4500
9.95576,9.78612,3.31964,0.4500
9.95572,9.80612,3.33963,0.4500
9.95566,9.82611,3.35963,0.4500
9.95558,9.84611,3.37963,0.4500
9.95550,9.86611,3.39963,0.4500
9.95546,9.88611,3.41963,0.4500
9.95542,9.90611,3.43962,0.4500
9.95536,9.92610,3.45962,0.4500
9.95528,9.94610,3.47962,0.4500
9.95520,9.96610,3.49962,0.4500
9.95516,9.98610,3.51961,0.4500
9.95512,10.00609,3.53961,0.4500
9.95506,10.02609,3.55961,0.4500
9.95498,10.04609,3.57961,0.4500
9.95490,10.06609,3.59961,0.4500
9.95486,10.08609,3.61960,0.4500
9.95482,10.10608,3.63960,0.4500
9.95476,10.12608,3.65960,0.4500
9.95468,10.14608,3.67960,0.4500
9.95460,10.16608,3.69959,0.4500
9.95456,10.18607,3.71959,0.4500
9.95452,10.20607,3.73959,0.4500
9.95446,10.22607,3.75959,0.4500
9.95438,10.24607,3.77959,0.4500
9.95430,10.26606,3.79958,0.4500
9.95422,10.28606,3.81958,0.4500
9.95414,10.30606,3.83958,0.4500
9.95408,10.32606,3.85958,0.4500
9.95404,10.34606,3.87958,0.4500
9.95400,10.36605,3.89957,0.4500
9.95392,10.38605,3.91957,0.4500
9.95384,10.40605,3.93957,0.4500
9.95378,10.42605,3.95957,0.4500
9.95374,10.44604,3.97956,0.4500
9.95370,10.46604,3.99956,0.4500
9.95362,10.48604,4.01956,0.4500
9.95354,10.50604,4.03956,0.4500
9.95348,10.52603,4.05956,0.4500
9.95344,10.54603,4.07955,0.4500
9.95340,10.56603,4.09955,0.4500
9.95332,10.58603,4.11955,0.4500
9.95324,10.60603,4.13955,0.4500
9.95318,10.62602,4.15954,0.4500
9.95314,10.64602,4.17954,0.4500
9.95310,10.66602,4.19954,0.4500
9.95302,10.68602,4.21954,0.4500
9.95294,10.70601,4.23954,0.4500
9.95288,10.72601,4.25953,0.4500
9.95284,10.74601,4.27953,0.4500
9.95280,10.76601,4.29953,0.4500
9.95272,10.78600,4.31953,0.4500
9.95264,10.80600,4.33952,0.4500
9.95258,10.82600,4.35952,0.4500
9.95254,10.84600,4.37952,0.4500
9.95250,10.86600,4.39952,0.4500
9.95242,10.88599,4.41952,0.4500
9.95234,10.90599,4.43951,0.4500
9.95226,10.92599,4.45951,0.4500
9.95218,10.94599,4.47951,0.4500
9.95210,10.96598,4.49951,0.4500
9.95206,10.98598,4.51951,0.4500
9.95202,11.00598,4.53950,0.4500
9.95196,11.02598,4.55950,0.4500
9.95188,11.04597,4.57950,0.4500
9.95180,11.06597,4.59950,0.4500
9.95176,11.08597,4.61949,0.4500
9.95172,11.10597,4.63949,0.4500
9.95166,11.12597,4.65949,0.4500
9.95158,11.14596,4.67949,0.4500
9.95150,11.16596,4.69949,0.4500
9.95146,11.18596,4.71948,0.4500
9.95142,11.20596,4.73948,0.4500
9.95136,11.22595,4.75948,0.4500
9.95128,11.24595,4.77948,0.4500
9.95120,11.26595,4.79947,0.4500
9.95116,11.28595,4.81947,0.4500
9.95112,11.30595,4.83947,0.4500
9.95106,11.32594,4.85947,0.4500
9.95098,11.34594,4.87947,0.4500
9.95090,11.36594,4.89946,0.4500
9.95086,11.38594,4.91946,0.4500
9.95082,11.40593,4.93946,0.4500
9.95076,11.42593,4.95946,0.4500
9.95068,11.44593,4.97945,0.4500
9.95060,11.46593,4.99945,0.4500
9.95052,11.48592,5.01945,0.4500
9.95044,11.50592,5.03945,0.4500
9.95038,11.52592,5.05945,0.4500
9.95034,11.54592,5.07944,0.4500
9.95030,11.56592,5.09944,0.4500
9.95022,11.58591,5.11944,0.4500
9.95014,11.60591,5.13944,0.4500
9.95008,11.62591,5.15943,0.4500
9.95004,11.64591,5.17943,0.4500
9.95000,11.66590,5.19943,0.4500
9.94992,11.68590,5.21943,0.4500
9.94984,11.70590,5.23943,0.4500
9.94978,11.72590,5.25942,0.4500
9.94974,11.74589,5.27942,0.4500
9.94970,11.76589,5.29942,0.4500
9.94962,11.78589,5.31942,0.4500
9.94954,11.80589,5.33942,0.4500
9.94948,11.82589,5.35941,0.4500
9.94944,11.84588,5.37941,0.4500
9.94940,11.86588,5.39941,0.4500
9.94940,11.88588,5.41941,0.4500
9.94940,11.90588,5.43940,0.4500
9.94944,11.92587,5.45940,0.4500
9.94952,11.94587,5.47940,0.4500
9.94960,11.96587,5.49940,0.4500
9.94968,11.98587,5.51940,0.4500
9.94976,12.00586,5.53939,0.4500
9.94982,12.02586,5.55939,0.4500
9.94986,12.04586,5.57939,0.4500
9.94990,12.06586,5.59939,0.4500
9.94982,12.08586,5.61938,0.4500
9.94974,12.10585,5.63938,0.4500
9.94959,12.12585,5.65938,0.4500
9.94935,12.14585,5.67938,0.4500
9.94911,12.16584,5.69938,0.4500
9.94856,12.18583,5.71937,0.4500
9.94800,12.20582,5.73937,0.4500
9.94725,12.22581,5.75937,0.4500
9.94629,12.24578,5.77937,0.4500
9.94533,12.26576,5.79936,0.4500
9.94391,12.28570,5.81936,0.4500
9.94247,12.30565,5.83936,0.4500
9.94075,12.32557,5.85935,0.4500
9.93871,12.34546,5.87935,0.4500
9.93667,12.36536,5.89935,0.4500
9.93393,12.38517,5.91935,0.4500
9.93117,12.40497,5.93935,0.4500
9.92807,12.42473,5.95934,0.4500
9.92460,12.44442,5.97934,0.4500
9.92112,12.46411,5.99934,0.4500
9.91690,12.48366,6.01933,0.4500
9.91266,12.50320,6.03933,0.4500
9.90804,12.52266,6.05932,0.4500
9.90300,12.54201,6.07932,0.4500
9.89797,12.56136,6.09932,0.4500
9.89219,12.58051,6.11932,0.4500
9.88638,12.59964,6.13932,0.4500
9.88024,12.61867,6.15931,0.4500
9.87373,12.63758,6.17931,0.4500
9.86721,12.65648,6.19931,0.4500
9.86008,12.67516,6.21930,0.4500
9.85292,12.69384,6.23930,0.4500
9.84548,12.71240,6.25930,0.4500
9.83772,12.73083,6.27929,0.4500
9.82997,12.74926,6.29929,0.4500
9.82171,12.76747,6.31929,0.4500
9.81342,12.78568,6.33929,0.4500
9.80503,12.80383,6.35928,0.4500
9.79650,12.82192,6.37928,0.4500
9.78798,12.84001,6.39928,0.4500
9.77927,12.85801,6.41928,0.4500
9.77055,12.87600,6.43928,0.4500
9.76131,12.89373,6.45926,0.4500
9.75149,12.91115,6.47926,0.4500
9.74166,12.92856,6.49926,0.4500
9.73135,12.94570,6.51926,0.4500
9.72103,12.96283,6.53925,0.4500
9.71030,12.97969,6.55925,0.4500
9.69909,12.99626,6.57924,0.4500
9.68789,13.01282,6.59924,0.4500
9.67579,13.02874,6.61924,0.4500
9.66366,13.04464,6.63924,0.4500
9.65128,13.06034,6.65923,0.4500
9.63863,13.07583,6.67923,0.4500
9.62598,13.09132,6.69923,0.4500
9.61205,13.10566,6.71922,0.4500
9.59807,13.11996,6.73922,0.4500
9.58377,13.13393,6.75921,0.4500
9.56910,13.14752,6.77921,0.4500
9.55443,13.16111,6.79921,0.4500
9.53905,13.17390,6.81920,0.4500
9.52365,13.18666,6.83920,0.4500
9.50778,13.19879,6.85918,0.4500
9.49134,13.21018,6.87918,0.4500
9.47491,13.22158,6.89918,0.4500
9.45778,13.23190,6.91917,0.4500
9.44063,13.24217,6.93917,0.4500
9.42319,13.25195,6.95916,0.4500
9.40544,13.26115,6.97916,0.4500
9.38768,13.27035,6.99915,0.4500
9.36941,13.27848,7.01915,0.4500
9.35112,13.28656,7.03915,0.4500
9.33258,13.29403,7.05913,0.4500
9.31376,13.30078,7.07913,0.4500
9.29494,13.30754,7.09913,0.4500
9.27573,13.31311,7.11913,0.4500
9.25651,13.31864,7.13912,0.4500
9.23717,13.32368,7.15911,0.4500
9.21768,13.32816,7.17911,0.4500
9.19819,13.33264,7.19911,0.4500
9.17853,13.33627,7.21911,0.4500
9.15885,13.33987,7.23910,0.4500
9.13912,13.34306,7.25910,0.4500
9.11930,13.34578,7.27909,0.4500
9.09949,13.34849,7.29909,0.4500
9.07960,13.35056,7.31909,0.4500
9.05971,13.35260,7.33909,0.4500
9.03979,13.35429,7.35908,0.4500
9.01983,13.35557,7.37908,0.4500
8.99987,13.35685,7.39908,0.4500
8.97989,13.35767,7.41908,0.4500
8.95991,13.35847,7.43907,0.4500
8.93992,13.35912,7.45907,0.4500
8.91993,13.35960,7.47907,0.4500
8.89994,13.36008,7.49907,0.4500
8.87994,13.36037,7.51906,0.4500
8.85995,13.36065,7.53906,0.4500
8.83995,13.36093,7.55906,0.4500
8.81996,13.36121,7.57906,0.4500
8.79996,13.36149,7.59905,0.4500
8.77997,13.36196,7.61905,0.4500
8.75998,13.36244,7.63905,0.4500
8.73998,13.36296,7.65905,0.4500
8.71999,13.36352,7.67905,0.4500
8.70000,13.36408,7.69904,0.4500
8.68001,13.36422,7.71904,0.4500
8.66001,13.36434,7.73904,0.4500
8.64002,13.36409,7.75903,0.4500
8.62003,13.36341,7.77903,0.4500
8.60004,13.36273,7.79903,0.4500
8.58010,13.36132,7.81903,0.4500
8.56015,13.35988,7.83902,0.4500
8.54024,13.35803,7.85902,0.4500
8.52038,13.35571,7.87901,0.4500
8.50052,13.35340,7.89901,0.4500
8.48075,13.35035,7.91901,0.4500
8.46100,13.34727,7.93901,0.4500
8.44130,13.34380,7.95900,0.4500
8.42170,13.33988,7.97900,0.4500
8.40209,13.33596,7.99900,0.4500
8.38267,13.33115,8.01899,0.4500
8.36327,13.32631,8.03899,0.4500
8.34400,13.32100,8.05898,0.4500
8.32488,13.31513,8.07898,0.4500
8.30576,13.30927,8.09898,0.4500
8.28693,13.30254,8.11897,0.4500
8.26811,13.29577,8.13897,0.4500
8.24945,13.28861,8.15896,0.4500
8.23097,13.28097,8.17896,0.4500
8.21249,13.27333,8.19896,0.4500
8.19440,13.26481,8.21896,0.4500
8.17632,13.25625,8.23895,0.4500
8.15844,13.24731,8.25895,0.4500
8.14079,13.23790,8.27894,0.4500
8.12315,13.22850,8.29894,0.4500
8.10601,13.21818,8.31894,0.4500
8.08890,13.20783,8.33894,0.4500
8.07210,13.19701,8.35893,0.4500
8.05564,13.18565,8.37892,0.4500
8.03919,13.17428,8.39892,0.4500
8.02334,13.16209,8.41892,0.4500
8.00752,13.14986,8.43892,0.4500
7.99194,13.13733,8.45891,0.4500
7.97665,13.12444,8.47891,0.4500
7.96136,13.11155,8.49890,0.4500
7.94666,13.09799,8.51890,0.4500
7.93199,13.08440,8.53890,0.4500
7.91777,13.07035,8.55888,0.4500
7.90410,13.05576,8.57888,0.4500
7.89043,13.04117,8.59888,0.4500
7.87732,13.02607,8.61888,0.4500
7.86423,13.01094,8.63888,0.4500
7.85143,12.99559,8.65887,0.4500
7.83895,12.97996,8.67887,0.4500
7.82648,12.96433,8.69886,0.4500
7.81488,12.94804,8.71886,0.4500
7.80332,12.93172,8.73886,0.4500
7.79209,12.91518,8.75885,0.4500
7.78124,12.89838,8.77885,0.4500
7.77040,12.88158,8.79885,0.4500
7.76002,12.86448,8.81885,0.4500
7.74967,12.84737,8.83884,0.4500
7.73948,12.83017,8.85884,0.4500
7.72948,12.81285,8.87884,0.4500
7.71948,12.79553,8.89884,0.4500
7.71012,12.77786,8.91883,0.4500
7.70080,12.76017,8.93883,0.4500
7.69180,12.74231,8.95882,0.4500
7.68321,12.72425,8.97882,0.4500
7.67462,12.70619,8.99882,0.4500
7.66686,12.68777,9.01882,0.4500
7.65914,12.66932,9.03881,0.4500
7.65185,12.65071,9.05881,0.4500
7.64508,12.63189,9.07880,0.4500
7.63831,12.61307,9.09880,0.4500
7.63247,12.59394,9.11880,0.4500
7.62668,12.57480,9.13880,0.4500
7.62135,12.55554,9.15879,0.4500
7.61658,12.53611,9.17878,0.4500
7.61182,12.51669,9.19878,0.4500
7.60801,12.49706,9.21878,0.4500
7.60425,12.47742,9.23878,0.4500
7.60091,12.45771,9.25877,0.4500
7.59807,12.43791,9.27877,0.4500
7.59523,12.41812,9.29876,0.4500
7.59319,12.39823,9.31876,0.4500
7.59119,12.37833,9.33876,0.4500
7.58950,12.35841,9.35875,0.4500
7.58818,12.33845,9.37875,0.4500
7.58686,12.31850,9.39875,0.4500
7.58611,12.29851,9.41875,0.4500
7.58539,12.27853,9.43875,0.4500
7.58489,12.25854,9.45874,0.4500
7.58465,12.23854,9.47874,0.4500
7.58441,12.21855,9.49874,0.4500
7.58444,12.19855,9.51873,0.4500
7.58448,12.17855,9.53873,0.4500
7.58461,12.15855,9.55873,0.4500
7.58485,12.13856,9.57873,0.4500
7.58509,12.11856,9.59873,0.4500
7.58544,12.09857,9.61872,0.4500
7.58580,12.07857,9.63872,0.4500
7.58616,12.05858,9.65872,0.4500
7.58652,12.03858,9.67872,0.4500
7.58688,12.01859,9.69871,0.4500
7.58717,11.99859,9.71871,0.4500
7.58745,11.97860,9.73871,0.4500
7.58769,11.95860,9.75871,0.4500
7.58789,11.93860,9.77871,0.4500
7.58809,11.91861,9.79870,0.4500
7.58821,11.89861,9.81870,0.4500
7.58833,11.87861,9.83870,0.4500
7.58844,11.85861,9.85870,0.4500
7.58852,11.83862,9.87870,0.4500
7.58860,11.81862,9.89869,0.4500
7.58868,11.79862,9.91869,0.4500
7.58876,11.77862,9.93869,0.4500
7.58884,11.75863,9.95869,0.4500
7.58892,11.73863,9.97868,0.4500
7.58900,11.71863,9.99868,0.4500
7.58908,11.69863,10.01868,0.4500
7.58916,11.67864,10.03868,0.4500
7.58924,11.65864,10.05868,0.4500
7.58932,11.63864,10.07867,0.4500
7.58940,11.61864,10.09867,0.4500
7.58951,11.59864,10.11867,0.4500
7.58963,11.57865,10.13867,0.4500
7.58974,11.55865,10.15866,0.4500
7.58982,11.53865,10.17866,0.4500
7.58990,11.51865,10.19866,0.4500
7.58998,11.49866,10.21866,0.4500
7.59006,11.47866,10.23866,0.4500
7.59014,11.45866,10.25865,0.4500
7.59022,11.43866,10.27865,0.4500
7.59030,11.41867,10.29865,0.4500
7.59038,11.39867,10.31865,0.4500
7.59046,11.37867,10.33864,0.4500
7.59054,11.35867,10.35864,0.4500
7.59062,11.33868,10.37864,0.4500
7.59070,11.31868,10.39864,0.4500
7.59081,11.29868,10.41864,0.4500
7.59093,11.27868,10.43863,0.4500
7.59104,11.25869,10.45863,0.4500
7.59112,11.23869,10.47863,0.4500
7.59120,11.21869,10.49863,0.4500
7.59128,11.19869,10.51863,0.4500
7.59136,11.17869,10.53862,0.4500
7.59144,11.15870,10.55862,0.4500
7.59152,11.13870,10.57862,0.4500
7.59160,11.11870,10.59862,0.4500
7.59168,11.09870,10.61861,0.4500
7.59176,11.07871,10.63861,0.4500
7.59184,11.05871,10.65861,0.4500
7.59192,11.03871,10.67861,0.4500
7.59200,11.01871,10.69861,0.4500
7.59211,10.99872,10.71860,0.4500
7.59223,10.97872,10.73860,0.4500
7.59234,10.95872,10.75860,0.4500
7.59242,10.93872,10.77860,0.4500
7.59250,10.91873,10.79859,0.4500
7.59258,10.89873,10.81859,0.4500
7.59266,10.87873,10.83859,0.4500
7.59274,10.85873,10.85859,0.4500
7.59282,10.83874,10.87859,0.4500
7.59290,10.81874,10.89858,0.4500
7.59298,10.79874,10.91858,0.4500
7.59306,10.77874,10.93858,0.4500
7.59314,10.75874,10.95858,0.4500
7.59322,10.73875,10.97857,0.4500
7.59330,10.71875,10.99857,0.4500
7.59341,10.69875,11.01857,0.4500
7.59353,10.67875,11.03857,0.4500
7.59364,10.65876,11.05857,0.4500
7.59372,10.63876,11.07856,0.4500
7.59380,10.61876,11.09856,0.4500
7.59388,10.59876,11.11856,0.4500
7.59396,10.57877,11.13856,0.4500
7.59404,10.55877,11.15856,0.4500
7.59412,10.53877,11.17855,0.4500
7.59420,10.51877,11.19855,0.4500
7.59428,10.49878,11.21855,0.4500
7.59436,10.47878,11.23855,0.4500
7.59444,10.45878,11.25854,0.4500
7.59452,10.43878,11.27854,0.4500
7.59460,10.41879,11.29854,0.4500
7.59471,10.39879,11.31854,0.4500
7.59483,10.37879,11.33854,0.4500
7.59494,10.35879,11.35853,0.4500
7.59502,10.33880,11.37853,0.4500
7.59510,10.31880,11.39853,0.4500
7.59518,10.29880,11.41853,0.4500
7.59526,10.27880,11.43852,0.4500
7.59534,10.25880,11.45852,0.4500
7.59542,10.23881,11.47852,0.4500
7.59550,10.21881,11.49852,0.4500
7.59558,10.19881,11.51852,0.4500
7.59566,10.17881,11.53851,0.4500
7.59574,10.15882,11.55851,0.4500
7.59582,10.13882,11.57851,0.4500
7.59590,10.11882,11.59851,0.4500
7.59598,10.09882,11.61850,0.4500
7.59606,10.07883,11.63850,0.4500
7.59615,10.05883,11.65850,0.4500
7.59627,10.03883,11.67850,0.4500
7.59639,10.01883,11.69850,0.4500
7.59648,9.99884,11.71849,0.4500
7.59656,9.97884,11.73849,0.4500
7.59664,9.95884,11.75849,0.4500
7.59672,9.93884,11.77849,0.4500
7.59680,9.91884,11.79848,0.4500
7.59688,9.89885,11.81848,0.4500
7.59696,9.87885,11.83848,0.4500
7.59703,9.85885,11.85848,0.4500
7.59711,9.83885,11.87848,0.4500
7.59719,9.81886,11.89847,0.4500
7.59727,9.79886,11.91847,0.4500
7.59735,9.77886,11.93847,0.4500
7.59745,9.75886,11.95847,0.4500
7.59757,9.73887,11.97847,0.4500
7.59769,9.71887,11.99846,0.4500
7.59778,9.69887,12.01846,0.4500
7.59786,9.67887,12.03846,0.4500
7.59794,9.65888,12.05846,0.4500
7.59802,9.63888,12.07845,0.4500
7.59810,9.61888,12.09845,0.4500
7.59818,9.59888,12.11845,0.4500
7.59826,9.57889,12.13845,0.4500
7.59834,9.55889,12.15845,0.4500
7.59842,9.53889,12.17844,0.4500
7.59850,9.51889,12.19844,0.4500
7.59858,9.49889,12.21844,0.4500
7.59866,9.47890,12.23844,0.4500
7.59875,9.45890,12.25843,0.4500
7.59887,9.43890,12.27843,0.4500
7.59899,9.41890,12.29843,0.4500
7.59908,9.39891,12.31843,0.4500
7.59916,9.37891,12.33843,0.4500
7.59924,9.35891,12.35842,0.4500
7.59932,9.33891,12.37842,0.4500
7.59940,9.31892,12.39842,0.4500
7.59948,9.29892,12.41842,0.4500
7.59956,9.27892,12.43841,0.4500
7.59964,9.25892,12.45841,0.4500
7.59972,9.23893,12.47841,0.4500
7.59980,9.21893,12.49841,0.4500
7.59988,9.19893,12.51841,0.4500
7.59996,9.17893,12.53840,0.4500
7.60005,9.15894,12.55840,0.4500
7.60017,9.13894,12.57840,0.4500
7.60029,9.11894,12.59840,0.4500
7.60038,9.09894,12.61840,0.4500
7.60046,9.07894,12.63839,0.4500
7.60054,9.05895,12.65839,0.4500
7.60062,9.03895,12.67839,0.4500
7.60069,9.01895,12.69839,0.4500
7.60077,8.99895,12.71838,0.4500
7.60085,8.97896,12.73838,0.4500
7.60093,8.95896,12.75838,0.4500
7.60101,8.93896,12.77838,0.4500
7.60109,8.91896,12.79838,0.4500
7.60117,8.89897,12.81837,0.4500
7.60125,8.87897,12.83837,0.4500
7.60135,8.85897,12.85837,0.4500
7.60147,8.83897,12.87837,0.4500
7.60159,8.81898,12.89836,0.4500
7.60167,8.79898,12.91836,0.4500
7.60175,8.77898,12.93836,0.4500
7.60183,8.75898,12.95836,0.4500
7.60191,8.73899,12.97836,0.4500
7.60199,8.71899,12.99835,0.4500
7.60207,8.69899,13.01835,0.4500
7.60215,8.67899,13.03835,0.4500
7.60223,8.65899,13.05835,0.4500
7.60231,8.63900,13.07834,0.4500
7.60239,8.61900,13.09834,0.4500
7.60247,8.59900,13.11834,0.4500
7.60255,8.57900,13.13834,0.4500
7.60267,8.55901,13.15834,0.4500
7.60283,8.53901,13.17833,0.4500
7.60299,8.51901,13.19833,0.4500
7.60423,8.49906,13.21833,0.4500
7.60555,8.47910,13.23833,0.4500
7.60798,8.45929,13.25828,0.4500
7.61186,8.43967,13.27828,0.4500
7.61573,8.42006,13.29828,0.4500
7.61973,8.40046,13.31828,0.4500
7.62374,8.38087,13.33827,0.4500
7.62822,8.36139,13.35826,0.4500
7.63334,8.34206,13.37826,0.4500
7.63845,8.32272,13.39826,0.4500
7.64364,8.30341,13.41826,0.4500
7.64884,8.28410,13.43825,0.4500
7.65454,8.26494,13.45824,0.4500
7.66090,8.24598,13.47824,0.4500
7.66726,8.22702,13.49824,0.4500
7.67373,8.20810,13.51824,0.4500
7.68021,8.18918,13.53823,0.4500
7.68719,8.17045,13.55822,0.4500
7.69483,8.15197,13.57822,0.4500
7.70247,8.13349,13.59822,0.4500
7.71029,8.11509,13.61822,0.4500
7.71813,8.09669,13.63821,0.4500
7.72640,8.07849,13.65820,0.4500
7.73525,8.06056,13.67820,0.4500
7.74410,8.04262,13.69820,0.4500
7.75330,8.02487,13.71820,0.4500
7.76253,8.00713,13.73820,0.4500
7.77208,7.98956,13.75819,0.4500
7.78205,7.97222,13.77819,0.4500
7.79202,7.95489,13.79818,0.4500
7.80257,7.93790,13.81818,0.4500
7.81317,7.92095,13.83818,0.4500
7.82393,7.90409,13.85818,0.4500
7.83489,7.88736,13.87817,0.4500
7.84585,7.87064,13.89817,0.4500
7.85766,7.85450,13.91817,0.4500
7.86952,7.83840,13.93817,0.4500
7.88150,7.82239,13.95816,0.4500
7.89363,7.80649,13.97816,0.4500
7.90576,7.79059,13.99816,0.4500
7.91836,7.77506,14.01816,0.4500
7.93099,7.75956,14.03815,0.4500
7.94383,7.74423,14.05815,0.4500
7.95696,7.72914,14.07815,0.4500
7.97008,7.71406,14.09814,0.4500
7.98346,7.69920,14.11814,0.4500
7.99687,7.68435,14.13814,0.4500
8.01039,7.66963,14.15814,0.4500
8.02409,7.65505,14.17813,0.4500
8.03778,7.64048,14.19813,0.4500
8.05178,7.62620,14.21813,0.4500
8.06580,7.61194,14.23813,0.4500
8.07987,7.59773,14.25812,0.4500
8.09401,7.58359,14.27812,0.4500
8.10815,7.56945,14.29812,0.4500
8.12237,7.55538,14.31812,0.4500
8.13659,7.54132,14.33812,0.4500
8.15084,7.52730,14.35811,0.4500
8.16514,7.51332,14.37811,0.4500
8.17944,7.49934,14.39811,0.4500
8.19363,7.48524,14.41811,0.4500
8.20781,7.47114,14.43810,0.4500
8.22192,7.45697,14.45810,0.4500
8.23594,7.44271,14.47810,0.4500
8.24996,7.42845,14.49810,0.4500
8.26376,7.41398,14.51810,0.4500
8.27753,7.39948,14.53809,0.4500
8.29112,7.38481,14.55809,0.4500
8.30446,7.36991,14.57809,0.4500
8.31780,7.35501,14.59808,0.4500
8.33050,7.33957,14.61808,0.4500
8.34315,7.32408,14.63808,0.4500
8.35543,7.30831,14.65807,0.4500
8.36723,7.29216,14.67807,0.4500
8.37902,7.27601,14.69807,0.4500
8.38986,7.25921,14.71806,0.4500
8.40063,7.24236,14.73806,0.4500
8.41084,7.22518,14.75804,0.4500
8.42031,7.20756,14.77804,0.4500
8.42978,7.18995,14.79804,0.4500
8.43778,7.17163,14.81803,0.4500
8.44567,7.15325,14.83803,0.4500
8.45284,7.13461,14.85801,0.4500
8.45904,7.11559,14.87800,0.4500
8.46525,7.09658,14.89800,0.4500
8.46967,7.07709,14.91799,0.4500
8.47395,7.05755,14.93799,0.4500
8.47729,7.03787,14.95796,0.4500
8.47937,7.01798,14.97796,0.4500
8.48144,6.99809,14.99795,0.4500
8.48227,6.97811,15.01795,0.4500
8.48299,6.95813,15.03795,0.4500
8.48325,6.93814,15.05794,0.4500
8.48289,6.91814,15.07793,0.4500
8.48253,6.89815,15.09793,0.4500
8.48142,6.87818,15.11793,0.4500
8.48026,6.85822,15.13793,0.4500
8.47864,6.83829,15.15792,0.4500
8.47640,6.81842,15.17791,0.4500
8.47416,6.79855,15.19791,0.4500
8.47137,6.77875,15.21791,0.4500
8.46853,6.75895,15.23791,0.4500
8.46548,6.73919,15.25790,0.4500
8.46216,6.71947,15.27790,0.4500
8.45884,6.69975,15.29790,0.4500
8.45478,6.68017,15.31790,0.4500
8.45066,6.66060,15.33789,0.4500
8.44635,6.64107,15.35789,0.4500
8.44179,6.62160,15.37789,0.4500
8.43723,6.60213,15.39789,0.4500
8.43227,6.58276,15.41788,0.4500
8.42727,6.56340,15.43788,0.4500
8.42203,6.54410,15.45788,0.4500
8.41648,6.52489,15.47788,0.4500
8.41093,6.50568,15.49787,0.4500
8.40496,6.48659,15.51787,0.4500
8.39896,6.46751,15.53787,0.4500
8.39286,6.44847,15.55787,0.4500
8.38662,6.42947,15.57786,0.4500
8.38038,6.41047,15.59786,0.4500
8.37359,6.39166,15.61786,0.4500
8.36675,6.37287,15.63786,0.4500
8.35983,6.35411,15.65785,0.4500
8.35277,6.33540,15.67785,0.4500
8.34572,6.31668,15.69785,0.4500
8.33828,6.29812,15.71785,0.4500
8.33080,6.27957,15.73784,0.4500
8.32319,6.26108,15.75784,0.4500
8.31540,6.24266,15.77784,0.4500
8.30761,6.22425,15.79784,0.4500
8.29963,6.20591,15.81784,0.4500
8.29162,6.18758,15.83783,0.4500
8.28340,6.16936,15.85783,0.4500
8.27487,6.15127,15.87783,0.4500
8.26635,6.13318,15.89782,0.4500
8.25765,6.11517,15.91782,0.4500
8.24893,6.09718,15.93782,0.4500
8.24006,6.07925,15.95782,0.4500
8.23099,6.06143,15.97781,0.4500
8.22192,6.04361,15.99781,0.4500
8.21254,6.02595,16.01781,0.4500
8.20313,6.00830,16.03781,0.4500
8.19365,5.99069,16.05781,0.4500
8.18406,5.97315,16.07780,0.4500
8.17447,5.95560,16.09780,0.4500
8.16446,5.93829,16.11780,0.4500
8.15441,5.92100,16.13780,0.4500
8.14425,5.90378,16.15779,0.4500
8.13392,5.88665,16.17779,0.4500
8.12360,5.86952,16.19779,0.4500
8.11306,5.85252,16.21779,0.4500
8.10251,5.83554,16.23778,0.4500
8.09177,5.81867,16.25778,0.4500
8.08076,5.80198,16.27778,0.4500
8.06975,5.78528,16.29778,0.4500
8.05847,5.76877,16.31777,0.4500
8.04716,5.75228,16.33777,0.4500
8.03564,5.73593,16.35777,0.4500
8.02383,5.71979,16.37776,0.4500
8.01202,5.70366,16.39776,0.4500
7.99938,5.68817,16.41776,0.4500
7.98666,5.67273,16.43776,0.4500
7.97356,5.65764,16.45774,0.4500
7.95993,5.64301,16.47774,0.4500
7.94629,5.62837,16.49774,0.4500
7.93176,5.61464,16.51773,0.4500
7.91715,5.60099,16.53773,0.4500
7.90210,5.58784,16.55772,0.4500
7.88647,5.57536,16.57771,0.4500
7.87084,5.56289,16.59771,0.4500
7.85438,5.55154,16.61770,0.4500
7.83785,5.54030,16.63770,0.4500
7.82096,5.52961,16.65768,0.4500
7.80360,5.51969,16.67768,0.4500
7.78624,5.50976,16.69768,0.4500
7.76824,5.50106,16.71767,0.4500
7.75019,5.49245,16.73767,0.4500
7.73189,5.48441,16.75766,0.4500
7.71326,5.47714,16.77766,0.4500
7.69463,5.46986,16.79765,0.4500
7.67559,5.46376,16.81765,0.4500
7.65652,5.45776,16.83765,0.4500
7.63731,5.45222,16.85764,0.4500
7.61793,5.44729,16.87763,0.4500
7.59855,5.44237,16.89763,0.4500
7.57895,5.43841,16.91763,0.4500
7.55933,5.43454,16.93762,0.4500
7.53964,5.43103,16.95762,0.4500
7.51987,5.42803,16.97762,0.4500
7.50010,5.42503,16.99761,0.4500
7.48025,5.42266,17.01761,0.4500
7.46038,5.42034,17.03761,0.4500
7.44049,5.41831,17.05760,0.4500
7.42056,5.41667,17.07760,0.4500
7.40063,5.41503,17.09760,0.4500
7.38067,5.41387,17.11760,0.4500
7.36070,5.41275,17.13759,0.4500
7.34073,5.41178,17.15759,0.4500
7.32074,5.41102,17.17759,0.4500
7.30076,5.41026,17.19759,0.4500
7.28077,5.40983,17.21758,0.4500
7.26077,5.40943,17.23758,0.4500
7.24078,5.40908,17.25758,0.4500
7.22078,5.40880,17.27758,0.4500
7.20079,5.40852,17.29758,0.4500
7.18079,5.40824,17.31757,0.4500
7.16079,5.40796,17.33757,0.4500
7.14080,5.40770,17.35757,0.4500
7.12080,5.40746,17.37757,0.4500
7.10081,5.40722,17.39756,0.4500
7.08081,5.40694,17.41756,0.4500
7.06081,5.40666,17.43756,0.4500
7.04082,5.40640,17.45756,0.4500
7.02082,5.40616,17.47756,0.4500
7.00083,5.40592,17.49755,0.4500
6.98083,5.40568,17.51755,0.4500
6.96083,5.40544,17.53755,0.4500
6.94084,5.40518,17.55755,0.4500
6.92084,5.40490,17.57754,0.4500
6.90084,5.40462,17.59754,0.4500
6.88085,5.40438,17.61754,0.4500
6.86085,5.40414,17.63754,0.4500
6.84086,5.40388,17.65754,0.4500
6.82086,5.40360,17.67753,0.4500
6.80086,5.40332,17.69753,0.4500
6.78087,5.40308,17.71753,0.4500
6.76087,5.40284,17.73753,0.4500
6.74088,5.40258,17.75752,0.4500
6.72088,5.40230,17.77752,0.4500
6.70088,5.40202,17.79752,0.4500
6.68089,5.40174,17.81752,0.4500
6.66089,5.40146,17.83752,0.4500
6.64093,5.40058,17.85750,0.4500
6.62100,5.39886,17.87750,0.4500
6.60108,5.39714,17.89750,0.4500
6.58161,5.39264,17.91748,0.4500
6.56218,5.38790,17.93748,0.4500
6.54319,5.38185,17.95741,0.4500
6.52478,5.37404,17.97741,0.4500
6.50637,5.36624,17.99740,0.4500
6.48939,5.35570,18.01738,0.4500
6.47252,5.34496,18.03738,0.4500
6.45658,5.33302,18.05731,0.4500
6.44183,5.31951,18.07730,0.4500
6.42708,5.30601,18.09730,0.4500
6.41458,5.29041,18.11728,0.4500
6.40223,5.27469,18.13728,0.4500
6.39109,5.25816,18.15721,0.4500
6.38147,5.24063,18.17721,0.4500
6.37184,5.22310,18.19721,0.4500
6.36520,5.20425,18.21719,0.4500
6.35871,5.18533,18.23719,0.4500
6.35369,5.16605,18.25712,0.4500
6.35040,5.14632,18.27712,0.4500
6.34712,5.12660,18.29712,0.4500
6.34627,5.10662,18.31711,0.4500
6.34551,5.08664,18.33711,0.4500
6.34508,5.06665,18.35710,0.4500
6.34504,5.04665,18.37710,0.4500
6.34500,5.02665,18.39710,0.4500
6.34500,5.00665,18.41710,0.4500
6.34500,4.98666,18.43709,0.4500
6.34500,4.96666,18.45709,0.4500
6.34500,4.94666,18.47709,0.4500
6.34500,4.92666,18.49709,0.4500
6.34500,4.90667,18.51708,0.4500
6.34500,4.88667,18.53708,0.4500
6.34500,4.86667,18.55708,0.4500
6.34500,4.84667,18.57708,0.4500
6.34500,4.82667,18.59708,0.4500
6.34500,4.80668,18.61707,0.4500
6.34500,4.78668,18.63707,0.4500
6.34500,4.76668,18.65707,0.4500
6.34500,4.74668,18.67707,0.4500
6.34500,4.72669,18.69707,0.4500
6.34500,4.70669,18.71706,0.4500
6.34500,4.68669,18.73706,0.4500
6.34500,4.66669,18.75706,0.4500
6.34500,4.64669,18.77706,0.4500
6.34500,4.62670,18.79705,0.4500
6.34500,4.60670,18.81705,0.4500
6.34500,4.58670,18.83705,0.4500
6.34500,4.56670,18.85705,0.4500
6.34500,4.54670,18.87705,0.4500
6.34500,4.52671,18.89704,0.4500
6.34500,4.50671,18.91704,0.4500
6.34500,4.48671,18.93704,0.4500
6.34500,4.46671,18.95704,0.4500
6.34500,4.44672,18.97703,0.4500
6.34500,4.42672,18.99703,0.4500
6.34500,4.40672,19.01703,0.4500
6.34500,4.38672,19.03703,0.4500
6.34500,4.36672,19.05703,0.4500
6.34500,4.34673,19.07702,0.4500
6.34500,4.32673,19.09702,0.4500
6.34500,4.30673,19.11702,0.4500
6.34500,4.28673,19.13702,0.4500
6.34500,4.26674,19.15701,0.4500
6.34500,4.24674,19.17701,0.4500
6.34500,4.22674,19.19701,0.4500
6.34500,4.20674,19.21701,0.4500
6.34500,4.18674,19.23701,0.4500
6.34500,4.16675,19.25700,0.4500
6.34500,4.14675,19.27700,0.4500
6.34500,4.12675,19.29700,0.4500
6.34500,4.10675,19.31700,0.4500
6.34500,4.08676,19.33700,0.4500
6.34500,4.06676,19.35699,0.4500
6.34500,4.04676,19.37699,0.4500
6.34500,4.02676,19.39699,0.4500
6.34500,4.00676,19.41699,0.4500
6.34500,3.98677,19.43698,0.4500
6.34480,3.96677,19.45698,0.4500
6.34436,3.94678,19.47698,0.4500
6.34392,3.92678,19.49698,0.4500
6.34240,3.90685,19.51697,0.4500
6.34084,3.88691,19.53697,0.4500
6.33870,3.86704,19.55696,0.4500
6.33590,3.84723,19.57696,0.4500
6.33310,3.82743,19.59695,0.4500
6.32919,3.80782,19.61695,0.4500
6.32523,3.78822,19.63695,0.4500
6.32064,3.76877,19.65693,0.4500
6.31532,3.74949,19.67693,0.4500
6.31000,3.73022,19.69693,0.4500
6.30341,3.71134,19.71693,0.4500
6.29678,3.69247,19.73692,0.4500
6.28955,3.67384,19.75691,0.4500
6.28163,3.65548,19.77691,0.4500
6.27371,3.63711,19.79691,0.4500
6.26431,3.61946,19.81690,0.4500
6.25486,3.60184,19.83690,0.4500
6.24473,3.58462,19.85688,0.4500
6.23381,3.56786,19.87688,0.4500
6.22290,3.55111,19.89687,0.4500
6.21057,3.53536,19.91687,0.4500
6.19819,3.51966,19.93687,0.4500
6.18511,3.50457,19.95684,0.4500
6.17123,3.49017,19.97684,0.4500
6.15735,3.47577,19.99684,0.4500
6.14195,3.46302,20.01683,0.4500
6.12650,3.45033,20.03683,0.4500
6.11039,3.43853,20.05679,0.4500
6.09356,3.42773,20.07679,0.4500
6.07673,3.41694,20.09679,0.4500
6.05877,3.40814,20.11678,0.4500
6.04078,3.39940,20.13678,0.4500
6.02235,3.39174,20.15674,0.4500
6.00344,3.38526,20.17674,0.4500
5.98452,3.37878,20.19673,0.4500
5.96496,3.37463,20.21673,0.4500
5.94538,3.37054,20.23673,0.4500
5.92564,3.36756,20.25669,0.4500
5.90572,3.36580,20.27669,0.4500
5.88580,3.36404,20.29668,0.4500
5.86581,3.36380,20.31668,0.4500
5.84581,3.36360,20.33668,0.4500
5.82581,3.36350,20.35668,0.4500
5.80582,3.36350,20.37667,0.4500
5.78582,3.36350,20.39667,0.4500
5.76582,3.36350,20.41667,0.4500
5.74582,3.36350,20.43667,0.4500
5.72582,3.36350,20.45667,0.4500
5.70583,3.36350,20.47666,0.4500
5.68583,3.36350,20.49666,0.4500
5.66583,3.36350,20.51666,0.4500
5.64583,3.36350,20.53666,0.4500
5.62583,3.36350,20.55665,0.4500
5.60584,3.36350,20.57665,0.4500
5.58584,3.36350,20.59665,0.4500
5.56584,3.36350,20.61665,0.4500
5.54584,3.36350,20.63665,0.4500
5.52585,3.36350,20.65664,0.4500
5.50585,3.36350,20.67664,0.4500
5.48585,3.36350,20.69664,0.4500
5.46585,3.36350,20.71664,0.4500
5.44585,3.36350,20.73663,0.4500
5.42586,3.36350,20.75663,0.4500
5.40586,3.36350,20.77663,0.4500
5.38586,3.36350,20.79663,0.4500
5.36586,3.36350,20.81663,0.4500
5.34587,3.36350,20.83662,0.4500
5.32587,3.36350,20.85662,0.4500
5.30587,3.36350,20.87662,0.4500
5.28587,3.36350,20.89662,0.4500
5.26587,3.36350,20.91661,0.4500
5.24588,3.36350,20.93661,0.4500
5.22588,3.36350,20.95661,0.4500
5.20588,3.36350,20.97661,0.4500
5.18588,3.36350,20.99661,0.4500
5.16589,3.36350,21.01660,0.4500
5.14589,3.36350,21.03660,0.4500
5.12589,3.36350,21.05660,0.4500
5.10589,3.36350,21.07660,0.4500
5.08589,3.36350,21.09660,0.4500
5.06590,3.36350,21.11659,0.4500
5.04590,3.36350,21.13659,0.4500
5.02590,3.36350,21.15659,0.4500
5.00590,3.36350,21.17659,0.4500
4.98590,3.36350,21.19658,0.4500
4.96591,3.36350,21.21658,0.4500
4.94591,3.36350,21.23658,0.4500
4.92591,3.36350,21.25658,0.4500
4.90591,3.36350,21.27658,0.4500
4.88592,3.36350,21.29657,0.4500
4.86592,3.36350,21.31657,0.4500
4.84592,3.36350,21.33657,0.4500
4.82592,3.36350,21.35657,0.4500
4.80592,3.36350,21.37656,0.4500
4.78593,3.36350,21.39656,0.4500
4.76593,3.36350,21.41656,0.4500
4.74593,3.36350,21.43656,0.4500
4.72593,3.36358,21.45656,0.4500
4.70594,3.36374,21.47655,0.4500
4.68594,3.36390,21.49655,0.4500
4.66596,3.36476,21.51655,0.4500
4.64598,3.36563,21.53655,0.4500
4.62603,3.36691,21.55654,0.4500
4.60611,3.36863,21.57654,0.4500
4.58618,3.37035,21.59654,0.4500
4.56635,3.37292,21.61653,0.4500
4.54652,3.37552,21.63653,0.4500
4.52677,3.37861,21.65652,0.4500
4.50711,3.38225,21.67652,0.4500
4.48745,3.38590,21.69652,0.4500
4.46802,3.39062,21.71651,0.4500
4.44859,3.39538,21.73651,0.4500
4.42932,3.40070,21.75650,0.4500
4.41024,3.40667,21.77650,0.4500
4.39115,3.41263,21.79650,0.4500
4.37248,3.41980,21.81649,0.4500
4.35383,3.42700,21.83649,0.4500
4.33544,3.43483,21.85647,0.4500
4.31735,3.44336,21.87647,0.4500
4.29926,3.45188,21.89647,0.4500
4.28183,3.46168,21.91647,0.4500
4.26441,3.47150,21.93646,0.4500
4.24736,3.48192,21.95645,0.4500
4.23071,3.49301,21.97645,0.4500
4.21407,3.50409,21.99644,0.4500
4.19823,3.51630,22.01644,0.4500
4.18242,3.52855,22.03644,0.4500
4.16705,3.54133,22.05642,0.4500
4.15217,3.55469,22.07642,0.4500
4.13729,3.56805,22.09642,0.4500
4.12331,3.58234,22.11642,0.4500
4.10935,3.59666,22.13641,0.4500
4.09584,3.61139,22.15640,0.4500
4.08282,3.62657,22.17640,0.4500
4.06980,3.64175,22.19640,0.4500
4.05767,3.65764,22.21639,0.4500
4.04555,3.67355,22.23639,0.4500
4.03382,3.68974,22.25638,0.4500
4.02249,3.70622,22.27638,0.4500
4.01117,3.72270,22.29638,0.4500
4.00065,3.73971,22.31638,0.4500
3.99014,3.75672,22.33637,0.4500
3.97985,3.77387,22.35637,0.4500
3.96981,3.79116,22.37637,0.4500
3.95976,3.80845,22.39637,0.4500
3.95019,3.82601,22.41636,0.4500
3.94062,3.84357,22.43636,0.4500
3.93108,3.86115,22.45636,0.4500
3.92157,3.87874,22.47636,0.4500
3.91206,3.89633,22.49635,0.4500
3.90257,3.91393,22.51635,0.4500
3.89309,3.93154,22.53635,0.4500
3.88382,3.94926,22.55635,0.4500
3.87478,3.96709,22.57634,0.4500
3.86574,3.98493,22.59634,0.4500
3.85681,4.00283,22.61634,0.4500
3.84788,4.02072,22.63634,0.4500
3.83896,4.03862,22.65634,0.4500
3.83005,4.05652,22.67633,0.4500
3.82114,4.07442,22.69633,0.4500
3.81237,4.09240,22.71633,0.4500
3.80360,4.11037,22.73633,0.4500
3.79496,4.12840,22.75632,0.4500
3.78645,4.14650,22.77632,0.4500
3.77794,4.16460,22.79632,0.4500
3.76944,4.18270,22.81632,0.4500
3.76095,4.20081,22.83632,0.4500
3.75247,4.21892,22.85631,0.4500
3.74399,4.23703,22.87631,0.4500
3.73552,4.25514,22.89631,0.4500
3.72728,4.27336,22.91631,0.4500
3.71904,4.29159,22.93630,0.4500
3.71086,4.30983,22.95630,0.4500
3.70275,4.32811,22.97630,0.4500
3.69463,4.34639,22.99630,0.4500
3.68651,4.36466,23.01630,0.4500
3.67839,4.38294,23.03629,0.4500
3.67029,4.40122,23.05629,0.4500
3.66220,4.41951,23.07629,0.4500
3.65412,4.43780,23.09629,0.4500
3.64627,4.45620,23.11628,0.4500
3.63844,4.47459,23.13628,0.4500
3.63061,4.49300,23.15628,0.4500
3.62281,4.51141,23.17628,0.4500
3.61500,4.52982,23.19628,0.4500
3.60718,4.54823,23.21627,0.4500
3.59935,4.56663,23.23627,0.4500
3.59154,4.58504,23.25627,0.4500
3.58373,4.60345,23.27627,0.4500
3.57593,4.62186,23.29627,0.4500
3.56836,4.64037,23.31626,0.4500
3.56081,4.65889,23.33626,0.4500
3.55323,4.67739,23.35626,0.4500
3.54564,4.69590,23.37626,0.4500
3.53805,4.71440,23.39625,0.4500
3.53048,4.73290,23.41625,0.4500
3.52290,4.75141,23.43625,0.4500
3.51534,4.76993,23.45625,0.4500
3.50778,4.78844,23.47625,0.4500
3.50022,4.80695,23.49624,0.4500
3.49283,4.82553,23.51624,0.4500
3.48543,4.84412,23.53624,0.4500
3.47806,4.86270,23.55624,0.4500
3.47070,4.88130,23.57623,0.4500
3.46334,4.89989,23.59623,0.4500
3.45594,4.91847,23.61623,0.4500
3.44853,4.93704,23.63623,0.4500
3.44115,4.95563,23.65623,0.4500
3.43379,4.97422,23.67622,0.4500
3.42643,4.99282,23.69622,0.4500
3.41919,5.01146,23.71622,0.4500
3.41195,5.03010,23.73622,0.4500
3.40470,5.04874,23.75621,0.4500
3.39746,5.06738,23.77621,0.4500
3.39022,5.08602,23.79621,0.4500
3.38298,5.10466,23.81621,0.4500
3.37574,5.12331,23.83621,0.4500
3.36850,5.14195,23.85620,0.4500
3.36126,5.16059,23.87620,0.4500
3.35402,5.17923,23.89620,0.4500
3.34687,5.19791,23.91620,0.4500
3.33973,5.21658,23.93619,0.4500
3.33260,5.23527,23.95619,0.4500
3.32547,5.25395,23.97619,0.4500
3.31835,5.27264,23.99619,0.4500
3.31123,5.29133,24.01619,0.4500
3.30411,5.31001,24.03618,0.4500
3.29697,5.32869,24.05618,0.4500
3.28981,5.34737,24.07618,0.4500
3.28265,5.36604,24.09618,0.4500
3.27556,5.38474,24.11618,0.4500
3.26848,5.40344,24.13617,0.4500
3.26141,5.42214,24.15617,0.4500
3.25437,5.44086,24.17617,0.4500
3.24733,5.45958,24.19617,0.4500
3.24026,5.47829,24.21616,0.4500
3.23319,5.49699,24.23616,0.4500
3.22611,5.51570,24.25616,0.4500
3.21904,5.53440,24.27616,0.4500
3.21196,5.55311,24.29616,0.4500
3.20492,5.57182,24.31615,0.4500
3.19788,5.59054,24.33615,0.4500
3.19084,5.60926,24.35615,0.4500
3.18380,5.62798,24.37615,0.4500
3.17677,5.64669,24.39614,0.4500
3.16973,5.66541,24.41614,0.4500
3.16269,5.68413,24.43614,0.4500
3.15565,5.70285,24.45614,0.4500
3.14861,5.72157,24.47614,0.4500
3.14157,5.74028,24.49613,0.4500
3.13448,5.75898,24.51613,0.4500
3.12740,5.77768,24.53613,0.4500
3.12031,5.79639,24.55613,0.4500
3.11324,5.81509,24.57612,0.4500
3.10617,5.83380,24.59612,0.4500
3.09913,5.85251,24.61612,0.4500
3.09209,5.87123,24.63612,0.4500
3.08503,5.88994,24.65612,0.4500
3.07794,5.90864,24.67611,0.4500
3.07085,5.92734,24.69611,0.4500
3.06374,5.94603,24.71611,0.4500
3.05663,5.96472,24.73611,0.4500
3.04952,5.98341,24.75611,0.4500
3.04239,6.00210,24.77610,0.4500
3.03527,6.02079,24.79610,0.4500
3.02815,6.03947,24.81610,0.4500
3.02103,6.05816,24.83610,0.4500
3.01389,6.07684,24.85609,0.4500
3.00673,6.09551,24.87609,0.4500
2.99957,6.11418,24.89609,0.4500
2.99237,6.13284,24.91609,0.4500
2.98516,6.15149,24.93609,0.4500
2.97795,6.17015,24.95608,0.4500
2.97072,6.18879,24.97608,0.4500
2.96350,6.20744,24.99608,0.4500
2.95629,6.22609,25.01608,0.4500
2.94908,6.24475,25.03607,0.4500
2.94182,6.26338,25.05607,0.4500
2.93450,6.28199,25.07607,0.4500
2.92718,6.30060,25.09607,0.4500
2.91979,6.31918,25.11607,0.4500
2.91239,6.33776,25.13606,0.4500
2.90500,6.35634,25.15606,0.4500
2.89759,6.37492,25.17606,0.4500
2.89018,6.39349,25.19606,0.4500
2.88276,6.41206,25.21605,0.4500
2.87533,6.43063,25.23605,0.4500
2.86784,6.44917,25.25605,0.4500
2.86026,6.46768,25.27605,0.4500
2.85269,6.48618,25.29605,0.4500
2.84505,6.50467,25.31604,0.4500
2.83741,6.52315,25.33604,0.4500
2.82976,6.54162,25.35604,0.4500
2.82208,6.56009,25.37604,0.4500
2.81441,6.57855,25.39603,0.4500
2.80662,6.59697,25.41603,0.4500
2.79883,6.61539,25.43603,0.4500
2.79098,6.63379,25.45603,0.4500
2.78306,6.65215,25.47603,0.4500
2.77514,6.67051,25.49602,0.4500
2.76714,6.68884,25.51602,0.4500
2.75914,6.70716,25.53602,0.4500
2.75106,6.72546,25.55602,0.4500
2.74289,6.74371,25.57601,0.4500
2.73473,6.76197,25.59601,0.4500
2.72634,6.78012,25.61601,0.4500
2.71795,6.79827,25.63601,0.4500
2.70955,6.81642,25.65601,0.4500
2.70116,6.83457,25.67600,0.4500
2.69276,6.85272,25.69600,0.4500
2.68398,6.87069,25.71600,0.4500
2.67518,6.88865,25.73600,0.4500
2.66631,6.90657,25.75599,0.4500
2.65735,6.92445,25.77599,0.4500
2.64839,6.94232,25.79599,0.4500
2.63928,6.96013,25.81599,0.4500
2.63016,6.97792,25.83599,0.4500
2.62077,6.99558,25.85598,0.4500
2.61105,7.01305,25.87598,0.4500
2.60133,7.03053,25.89598,0.4500
2.59144,7.04791,25.91597,0.4500
2.58155,7.06529,25.93597,0.4500
2.57143,7.08254,25.95597,0.4500
2.56103,7.09962,25.97597,0.4500
2.55063,7.11670,25.99596,0.4500
2.54005,7.13367,26.01596,0.4500
2.52947,7.15064,26.03596,0.4500
2.51872,7.16750,26.05596,0.4500
2.50775,7.18423,26.07595,0.4500
2.49679,7.20095,26.09595,0.4500
2.48569,7.21758,26.11595,0.4500
2.47458,7.23421,26.13595,0.4500
2.46326,7.25070,26.15594,0.4500
2.45170,7.26701,26.17594,0.4500
2.44014,7.28333,26.19594,0.4500
2.42841,7.29953,26.21594,0.4500
2.41667,7.31572,26.23593,0.4500
2.40474,7.33176,26.25593,0.4500
2.39258,7.34764,26.27593,0.4500
2.38042,7.36352,26.29593,0.4500
2.36790,7.37911,26.31592,0.4500
2.35536,7.39468,26.33592,0.4500
2.34264,7.41011,26.35592,0.4500
2.32971,7.42537,26.37591,0.4500
2.31678,7.44062,26.39591,0.4500
2.30339,7.45548,26.41591,0.4500
2.28999,7.47032,26.43591,0.4500
2.27630,7.48489,26.45590,0.4500
2.26226,7.49913,26.47590,0.4500
2.24822,7.51337,26.49590,0.4500
2.23365,7.52707,26.51589,0.4500
2.21906,7.54074,26.53589,0.4500
2.20416,7.55408,26.55588,0.4500
2.18891,7.56701,26.57588,0.4500
2.17366,7.57994,26.59588,0.4500
2.15769,7.59198,26.61588,0.4500
2.14169,7.60398,26.63587,0.4500
2.12535,7.61549,26.65586,0.4500
2.10859,7.62640,26.67586,0.4500
2.09184,7.63732,26.69586,0.4500
2.07424,7.64682,26.71585,0.4500
2.05661,7.65626,26.73585,0.4500
2.03863,7.66495,26.75583,0.4500
2.02021,7.67276,26.77582,0.4500
2.00180,7.68056,26.79582,0.4500
1.98265,7.68630,26.81581,0.4500
1.96347,7.69195,26.83581,0.4500
1.94405,7.69658,26.85578,0.4500
1.92435,7.70003,26.87578,0.4500
1.90465,7.70347,26.89577,0.4500
1.88469,7.70460,26.91577,0.4500
1.86472,7.70564,26.93576,0.4500
1.84475,7.70574,26.95574,0.4500
1.82477,7.70474,26.97573,0.4500
1.80480,7.70374,26.99573,0.4500
1.78501,7.70088,27.01573,0.4500
1.76523,7.69796,27.03572,0.4500
1.74555,7.69445,27.05571,0.4500
1.72599,7.69029,27.07571,0.4500
1.70643,7.68613,27.09571,0.4500
1.68703,7.68128,27.11570,0.4500
1.66764,7.67640,27.13570,0.4500
1.64849,7.67070,27.15568,0.4500
1.62963,7.66405,27.17568,0.4500
1.61077,7.65740,27.19567,0.4500
1.59303,7.64819,27.21567,0.4500
1.57532,7.63889,27.23566,0.4500
1.55815,7.62869,27.25563,0.4500
1.54159,7.61749,27.27563,0.4500
1.52502,7.60629,27.29563,0.4500
1.50970,7.59344,27.31562,0.4500
1.49441,7.58055,27.33562,0.4500
1.47968,7.56706,27.35560,0.4500
1.46556,7.55290,27.37560,0.4500
1.45144,7.53874,27.39559,0.4500
1.43835,7.52362,27.41559,0.4500
1.42529,7.50847,27.43559,0.4500
1.41276,7.49290,27.45557,0.4500
1.40081,7.47687,27.47557,0.4500
1.38885,7.46084,27.49557,0.4500
1.37806,7.44401,27.51557,0.4500
1.36729,7.42715,27.53556,0.4500
1.35707,7.40998,27.55555,0.4500
1.34743,7.39246,27.57555,0.4500
1.33779,7.37494,27.59555,0.4500
1.32921,7.35688,27.61554,0.4500
1.32065,7.33880,27.63554,0.4500
1.31265,7.32049,27.65553,0.4500
1.30524,7.30191,27.67553,0.4500
1.29783,7.28334,27.69553,0.4500
1.29154,7.26436,27.71552,0.4500
1.28526,7.24537,27.73552,0.4500
1.27952,7.22622,27.75551,0.4500
1.27436,7.20690,27.77551,0.4500
1.26920,7.18758,27.79551,0.4500
1.26522,7.16798,27.81550,0.4500
1.26126,7.14838,27.83550,0.4500
1.25784,7.12869,27.85549,0.4500
1.25500,7.10889,27.87549,0.4500
1.25216,7.08910,27.89549,0.4500
1.25049,7.06917,27.91548,0.4500
1.24885,7.04924,27.93548,0.4500
1.24773,7.02928,27.95547,0.4500
1.24717,7.00929,27.97547,0.4500
1.24661,6.98930,27.99547,0.4500
1.24715,6.96931,28.01546,0.4500
1.24771,6.94932,28.03546,0.4500
1.24883,6.92936,28.05545,0.4500
1.25055,6.90944,28.07545,0.4500
1.25227,6.88951,28.09545,0.4500
1.25509,6.86972,28.11544,0.4500
1.25793,6.84992,28.13544,0.4500
1.26128,6.83021,28.15543,0.4500
1.26516,6.81059,28.17543,0.4500
1.26905,6.79098,28.19543,0.4500
1.27402,6.77161,28.21543,0.4500
1.27901,6.75224,28.23542,0.4500
1.28453,6.73303,28.25541,0.4500
1.29061,6.71398,28.27541,0.4500
1.29669,6.69493,28.29541,0.4500
1.30391,6.67628,28.31541,0.4500
1.31116,6.65764,28.33540,0.4500
1.31888,6.63920,28.35539,0.4500
1.32713,6.62099,28.37539,0.4500
1.33538,6.60277,28.39539,0.4500
1.34417,6.58481,28.41539,0.4500
1.35297,6.56685,28.43538,0.4500
1.36205,6.54904,28.45538,0.4500
1.37144,6.53138,28.47538,0.4500
1.38083,6.51372,28.49538,0.4500
1.39071,6.49634,28.51537,0.4500
1.40060,6.47896,28.53537,0.4500
1.41061,6.46164,28.55537,0.4500
1.42073,6.44440,28.57537,0.4500
1.43085,6.42715,28.59536,0.4500
1.44143,6.41018,28.61536,0.4500
1.45201,6.39321,28.63536,0.4500
1.46266,6.37628,28.65536,0.4500
1.47338,6.35940,28.67536,0.4500
1.48410,6.34252,28.69535,0.4500
1.49506,6.32579,28.71535,0.4500
1.50602,6.30907,28.73535,0.4500
1.51706,6.29239,28.75535,0.4500
1.52819,6.27578,28.77534,0.4500
1.53932,6.25916,28.79534,0.4500
1.55060,6.24265,28.81534,0.4500
1.56187,6.22613,28.83534,0.4500
1.57321,6.20966,28.85533,0.4500
1.58460,6.19322,28.87533,0.4500
1.59600,6.17679,28.89533,0.4500
1.60744,6.16039,28.91533,0.4500
1.61888,6.14399,28.93533,0.4500
1.63036,6.12761,28.95532,0.4500
1.64187,6.11126,28.97532,0.4500
1.65338,6.09491,28.99532,0.4500
1.66494,6.07859,29.01532,0.4500
1.67650,6.06227,29.03532,0.4500
1.68808,6.04597,29.05531,0.4500
1.69969,6.02968,29.07531,0.4500
1.71129,6.01339,29.09531,0.4500
1.72292,5.99713,29.11531,0.4500
1.73455,5.98086,29.13530,0.4500
1.74617,5.96458,29.15530,0.4500
1.75778,5.94830,29.17530,0.4500
1.76938,5.93201,29.19530,0.4500
1.78098,5.91572,29.21530,0.4500
1.79259,5.89944,29.23529,0.4500
1.80417,5.88313,29.25529,0.4500
1.81573,5.86682,29.27529,0.4500
1.82729,5.85050,29.29529,0.4500
1.83880,5.83415,29.31528,0.4500
1.85032,5.81780,29.33528,0.4500
1.86183,5.80144,29.35528,0.4500
1.87334,5.78509,29.37528,0.4500
1.88486,5.76874,29.39528,0.4500
1.89626,5.75231,29.41527,0.4500
1.90765,5.73588,29.43527,0.4500
1.91903,5.71944,29.45527,0.4500
1.93040,5.70298,29.47527,0.4500
1.94177,5.68653,29.49526,0.4500
1.95293,5.66994,29.51526,0.4500
1.96409,5.65334,29.53526,0.4500
1.97525,5.63675,29.55526,0.4500
1.98640,5.62015,29.57526,0.4500
1.99756,5.60355,29.59525,0.4500
2.00851,5.58682,29.61525,0.4500
2.01946,5.57008,29.63525,0.4500
2.03037,5.55333,29.65525,0.4500
2.04126,5.53656,29.67525,0.4500
2.05215,5.51978,29.69524,0.4500
2.06283,5.50287,29.71524,0.4500
2.07350,5.48596,29.73524,0.4500
2.08411,5.46901,29.75524,0.4500
2.09463,5.45200,29.77523,0.4500
2.10515,5.43500,29.79523,0.4500
2.11548,5.41787,29.81523,0.4500
2.12581,5.40075,29.83523,0.4500
2.13603,5.38356,29.85522,0.4500
2.14613,5.36630,29.87522,0.4500
2.15624,5.34905,29.89522,0.4500
2.16614,5.33167,29.91522,0.4500
2.17603,5.31429,29.93522,0.4500
2.18578,5.29683,29.95521,0.4500
2.19537,5.27928,29.97521,0.4500
2.20496,5.26174,29.99521,0.4500
2.21432,5.24407,30.01521,0.4500
2.22368,5.22639,30.03520,0.4500
2.23286,5.20862,30.05520,0.4500
2.24183,5.19075,30.07520,0.4500
2.25081,5.17288,30.09520,0.4500
2.25952,5.15488,30.11519,0.4500
2.26822,5.13688,30.13519,0.4500
2.27671,5.11877,30.15519,0.4500
2.28495,5.10055,30.17519,0.4500
2.29320,5.08234,30.19518,0.4500
2.30113,5.06398,30.21518,0.4500
2.30905,5.04561,30.23518,0.4500
2.31671,5.02714,30.25517,0.4500
2.32406,5.00855,30.27517,0.4500
2.33142,4.98995,30.29517,0.4500
2.33831,4.97118,30.31517,0.4500
2.34518,4.95240,30.33517,0.4500
2.35181,4.93353,30.35516,0.4500
2.35817,4.91457,30.37516,0.4500
2.36453,4.89561,30.39516,0.4500
2.37016,4.87642,30.41516,0.4500
2.37577,4.85723,30.43515,0.4500
2.38114,4.83797,30.45515,0.4500
2.38625,4.81864,30.47515,0.4500
2.39137,4.79930,30.49514,0.4500
2.39559,4.77976,30.51514,0.4500
2.39979,4.76020,30.53514,0.4500
2.40376,4.74061,30.55514,0.4500
2.40748,4.72096,30.57513,0.4500
2.41120,4.70131,30.59513,0.4500
2.41395,4.68150,30.61513,0.4500
2.41667,4.66169,30.63513,0.4500
2.41928,4.64186,30.65512,0.4500
2.42176,4.62202,30.67512,0.4500
2.42424,4.60218,30.69512,0.4500
2.42586,4.58224,30.71512,0.4500
2.42746,4.56231,30.73511,0.4500
2.42896,4.54237,30.75511,0.4500
2.43036,4.52242,30.77511,0.4500
2.43177,4.50247,30.79511,0.4500
2.43239,4.48248,30.81511,0.4500
2.43299,4.46250,30.83510,0.4500
2.43351,4.44251,30.85510,0.4500
2.43395,4.42251,30.87510,0.4500
2.43439,4.40252,30.89510,0.4500
2.43424,4.38252,30.91509,0.4500
2.43408,4.36253,30.93509,0.4500
2.43383,4.34253,30.95509,0.4500
2.43347,4.32253,30.97509,0.4500
2.43311,4.30254,30.99509,0.4500
2.43228,4.28256,31.01508,0.4500
2.43144,4.26258,31.03508,0.4500
2.43053,4.24260,31.05508,0.4500
2.42953,4.22263,31.07508,0.4500
2.42853,4.20266,31.09507,0.4500
2.42710,4.18271,31.11507,0.4500
2.42566,4.16276,31.13507,0.4500
2.42418,4.14282,31.15507,0.4500
2.42266,4.12288,31.17507,0.4500
2.42114,4.10294,31.19506,0.4500
2.41927,4.08303,31.21506,0.4500
2.41739,4.06312,31.23506,0.4500
2.41544,4.04322,31.25506,0.4500
2.41340,4.02333,31.27505,0.4500
2.41135,4.00343,31.29505,0.4500
2.40908,3.98357,31.31505,0.4500
2.40680,3.96370,31.33505,0.4500
2.40445,3.94384,31.35504,0.4500
2.40201,3.92399,31.37504,0.4500
2.39957,3.90414,31.39504,0.4500
2.39701,3.88431,31.41504,0.4500
2.39445,3.86448,31.43504,0.4500
2.39180,3.84465,31.45503,0.4500
2.38904,3.82485,31.47503,0.4500
2.38628,3.80504,31.49503,0.4500
2.38344,3.78525,31.51503,0.4500
2.38060,3.76545,31.53502,0.4500
2.37766,3.74567,31.55502,0.4500
2.37462,3.72591,31.57502,0.4500
2.37158,3.70614,31.59502,0.4500
2.36855,3.68637,31.61502,0.4500
2.36551,3.66661,31.63501,0.4500
2.36240,3.64685,31.65501,0.4500
2.35920,3.62711,31.67501,0.4500
2.35599,3.60737,31.69501,0.4500
2.35280,3.58763,31.71500,0.4500
2.34960,3.56789,31.73500,0.4500
2.34633,3.54817,31.75500,0.4500
2.34297,3.52845,31.77500,0.4500
2.33961,3.50874,31.79500,0.4500
2.33625,3.48902,31.81499,0.4500
2.33289,3.46931,31.83499,0.4500
2.32953,3.44960,31.85499,0.4500
2.32616,3.42988,31.87499,0.4500
2.32280,3.41017,31.89498,0.4500
2.31940,3.39046,31.91498,0.4500
2.31600,3.37076,31.93498,0.4500
2.31261,3.35105,31.95498,0.4500
2.30921,3.33134,31.97498,0.4500
2.30581,3.31164,31.99497,0.4500
2.30241,3.29193,32.01497,0.4500
2.29901,3.27222,32.03497,0.4500
2.29563,3.25251,32.05497,0.4500
2.29228,3.23280,32.07497,0.4500
2.28892,3.21309,32.09496,0.4500
2.28563,3.19336,32.11496,0.4500
2.28235,3.17363,32.13496,0.4500
2.27909,3.15390,32.15496,0.4500
2.27585,3.13417,32.17495,0.4500
2.27260,3.11444,32.19495,0.4500
2.26944,3.09469,32.21495,0.4500
2.26629,3.07494,32.23495,0.4500
2.26320,3.05518,32.25495,0.4500
2.26020,3.03541,32.27494,0.4500
2.25720,3.01564,32.29494,0.4500
2.25428,2.99586,32.31494,0.4500
2.25136,2.97607,32.33494,0.4500
2.24855,2.95627,32.35493,0.4500
2.24587,2.93646,32.37493,0.4500
2.24319,2.91664,32.39493,0.4500
2.24059,2.89681,32.41493,0.4500
2.23799,2.87698,32.43493,0.4500
2.23557,2.85713,32.45492,0.4500
2.23337,2.83726,32.47492,0.4500
2.23118,2.81738,32.49492,0.4500
2.22913,2.79749,32.51492,0.4500
2.22709,2.77759,32.53491,0.4500
2.22529,2.75768,32.55491,0.4500
2.22377,2.73774,32.57491,0.4500
2.22225,2.71780,32.59491,0.4500
2.22112,2.69783,32.61490,0.4500
2.22000,2.67787,32.63490,0.4500
2.21905,2.65789,32.65490,0.4500
2.21829,2.63791,32.67490,0.4500
2.21753,2.61793,32.69489,0.4500
2.21765,2.59793,32.71489,0.4500
2.21781,2.57793,32.73489,0.4500
2.21831,2.55794,32.75488,0.4500
2.21919,2.53797,32.77488,0.4500
2.22007,2.51799,32.79488,0.4500
2.22172,2.49806,32.81488,0.4500
2.22340,2.47813,32.83487,0.4500
2.22551,2.45825,32.85487,0.4500
2.22811,2.43842,32.87486,0.4500
2.23071,2.41859,32.89486,0.4500
2.23400,2.39887,32.91486,0.4500
2.23732,2.37915,32.93486,0.4500
2.24092,2.35948,32.95485,0.4500
2.24485,2.33987,32.97485,0.4500
2.24877,2.32026,32.99485,0.4500
2.25338,2.30080,33.01485,0.4500
2.25801,2.28135,33.03484,0.4500
2.26300,2.26199,33.05484,0.4500
2.26841,2.24273,33.07483,0.4500
2.27381,2.22348,33.09483,0.4500
2.28010,2.20450,33.11483,0.4500
2.28642,2.18553,33.13483,0.4500
2.29319,2.16672,33.15482,0.4500
2.30047,2.14809,33.17482,0.4500
2.30774,2.12946,33.19481,0.4500
2.31603,2.11126,33.21481,0.4500
2.32436,2.09308,33.23481,0.4500
2.33322,2.07517,33.25480,0.4500
2.34269,2.05755,33.27479,0.4500
2.35216,2.03994,33.29479,0.4500
2.36288,2.02306,33.31479,0.4500
2.37365,2.00621,33.33479,0.4500
2.38495,1.98973,33.35477,0.4500
2.39688,1.97368,33.37477,0.4500
2.40881,1.95763,33.39477,0.4500
2.42181,1.94244,33.41476,0.4500
2.43485,1.92728,33.43476,0.4500
2.44842,1.91260,33.45474,0.4500
2.46258,1.89848,33.47474,0.4500
2.47674,1.88436,33.49474,0.4500
2.49183,1.87124,33.51474,0.4500
2.50696,1.85816,33.53473,0.4500
2.52244,1.84552,33.55472,0.4500
2.53834,1.83339,33.57472,0.4500
2.55424,1.82125,33.59472,0.4500
2.57076,1.81000,33.61471,0.4500
2.58731,1.79877,33.63471,0.4500
2.60407,1.78787,33.65471,0.4500
2.62108,1.77734,33.67470,0.4500
2.63808,1.76682,33.69470,0.4500
2.65543,1.75688,33.71470,0.4500
2.67280,1.74696,33.73470,0.4500
2.69027,1.73723,33.75469,0.4500
2.70785,1.72771,33.77469,0.4500
2.72544,1.71820,33.79469,0.4500
2.74312,1.70884,33.81469,0.4500
2.76079,1.69948,33.83468,0.4500
2.77861,1.69042,33.85468,0.4500
2.79661,1.68171,33.87468,0.4500
2.81461,1.67299,33.89467,0.4500
2.83301,1.66515,33.91467,0.4500
2.85142,1.65735,33.93467,0.4500
2.86999,1.64996,33.95466,0.4500
2.88876,1.64304,33.97466,0.4500
2.90752,1.63611,33.99466,0.4500
2.92659,1.63009,34.01465,0.4500
2.94566,1.62409,34.03465,0.4500
2.96485,1.61848,34.05465,0.4500
2.98417,1.61332,34.07464,0.4500
3.00349,1.60816,34.09464,0.4500
3.02301,1.60381,34.11464,0.4500
3.04254,1.59949,34.13464,0.4500
3.06213,1.59549,34.15463,0.4500
3.08179,1.59186,34.17463,0.4500
3.10146,1.58822,34.19463,0.4500
3.12124,1.58527,34.21462,0.4500
3.14102,1.58235,34.23462,0.4500
3.16085,1.57975,34.25462,0.4500
3.18072,1.57751,34.27461,0.4500
3.20059,1.57527,34.29461,0.4500
3.22052,1.57369,34.31461,0.4500
3.24046,1.57213,34.33461,0.4500
3.26042,1.57089,34.35460,0.4500
3.28040,1.57001,34.37460,0.4500
3.30037,1.56913,34.39460,0.4500
3.32037,1.56887,34.41460,0.4500
3.34037,1.56863,34.43459,0.4500
3.36036,1.56869,34.45459,0.4500
3.38036,1.56909,34.47459,0.4500
3.40035,1.56949,34.49458,0.4500
3.42032,1.57051,34.51458,0.4500
3.44029,1.57155,34.53458,0.4500
3.46024,1.57289,34.55457,0.4500
3.48017,1.57457,34.57457,0.4500
3.50010,1.57625,34.59457,0.4500
3.51997,1.57851,34.61457,0.4500
3.53983,1.58079,34.63457,0.4500
3.55966,1.58337,34.65456,0.4500
3.57945,1.58628,34.67456,0.4500
3.59923,1.58920,34.69456,0.4500
3.61891,1.59274,34.71455,0.4500
3.63859,1.59630,34.73455,0.4500
3.65821,1.60016,34.75455,0.4500
3.67776,1.60435,34.77454,0.4500
3.69731,1.60855,34.79454,0.4500
3.71671,1.61342,34.81454,0.4500
3.73610,1.61830,34.83454,0.4500
3.75540,1.62353,34.85453,0.4500
3.77460,1.62913,34.87453,0.4500
3.79380,1.63472,34.89453,0.4500
3.81270,1.64125,34.91453,0.4500
3.83160,1.64780,34.93452,0.4500
3.85021,1.65506,34.95450,0.4500
3.86850,1.66315,34.97450,0.4500
3.88679,1.67123,34.99450,0.4500
3.90446,1.68059,35.01450,0.4500
3.92211,1.69000,35.03449,0.4500
3.93947,1.69991,35.05448,0.4500
3.95649,1.71040,35.07448,0.4500
3.97351,1.72090,35.09448,0.4500
3.98999,1.73222,35.11447,0.4500
4.00646,1.74357,35.13447,0.4500
4.02271,1.75522,35.15447,0.4500
4.03872,1.76720,35.17446,0.4500
4.05474,1.77918,35.19446,0.4500
4.07038,1.79163,35.21446,0.4500
4.08602,1.80410,35.23446,0.4500
4.10150,1.81675,35.25445,0.4500
4.11681,1.82962,35.27445,0.4500
4.13211,1.84249,35.29445,0.4500
4.14721,1.85561,35.31445,0.4500
4.16229,1.86874,35.33444,0.4500
4.17730,1.88195,35.35444,0.4500
4.19222,1.89527,35.37444,0.4500
4.20714,1.90859,35.39444,0.4500
4.22193,1.92205,35.41443,0.4500
4.23671,1.93551,35.43443,0.4500
4.25149,1.94899,35.45443,0.4500
4.26625,1.96248,35.47443,0.4500
4.28102,1.97596,35.49443,0.4500
4.29580,1.98943,35.51442,0.4500
4.31059,2.00289,35.53442,0.4500
4.32539,2.01634,35.55442,0.4500
4.34022,2.02976,35.57442,0.4500
4.35504,2.04318,35.59442,0.4500
4.37001,2.05644,35.61441,0.4500
4.38498,2.06970,35.63441,0.4500
4.40004,2.08286,35.65441,0.4500
4.41520,2.09590,35.67441,0.4500
4.43036,2.10894,35.69440,0.4500
4.44572,2.12175,35.71440,0.4500
4.46108,2.13455,35.73440,0.4500
4.47655,2.14722,35.75440,0.4500
4.49215,2.15974,35.77439,0.4500
4.50775,2.17225,35.79439,0.4500
4.52366,2.18436,35.81439,0.4500
4.53959,2.19645,35.83439,0.4500
4.55571,2.20829,35.85438,0.4500
4.57203,2.21985,35.87438,0.4500
4.58834,2.23141,35.89438,0.4500
4.60505,2.24239,35.91438,0.4500
4.62178,2.25335,35.93437,0.4500
4.63871,2.26400,35.95437,0.4500
4.65586,2.27427,35.97436,0.4500
4.67302,2.28455,35.99436,0.4500
4.69061,2.29406,36.01436,0.4500
4.70821,2.30354,36.03436,0.4500
4.72603,2.31261,36.05435,0.4500
4.74409,2.32120,36.07435,0.4500
4.76215,2.32979,36.09434,0.4500
4.78063,2.33743,36.11434,0.4500
4.79912,2.34504,36.13434,0.4500
4.81782,2.35210,36.15433,0.4500
4.83675,2.35855,36.17433,0.4500
4.85568,2.36499,36.19432,0.4500
4.87499,2.37019,36.21432,0.4500
4.89431,2.37535,36.23432,0.4500
4.91375,2.38002,36.25431,0.4500
4.93332,2.38414,36.27431,0.4500
4.95289,2.38825,36.29430,0.4500
4.97255,2.39187,36.31430,0.4500
4.99222,2.39548,36.33430,0.4500
5.01194,2.39884,36.35429,0.4500
5.03170,2.40192,36.37429,0.4500
5.05146,2.40500,36.39429,0.4500
5.07129,2.40758,36.41429,0.4500
5.09112,2.41013,36.43429,0.4500
5.11098,2.41243,36.45428,0.4500
5.13088,2.41443,36.47428,0.4500
5.15078,2.41643,36.49428,0.4500
5.17072,2.41789,36.51427,0.4500
5.19067,2.41933,36.53427,0.4500
5.21063,2.42049,36.55427,0.4500
5.23061,2.42133,36.57427,0.4500
5.25059,2.42217,36.59426,0.4500
5.27059,2.42251,36.61426,0.4500
5.29058,2.42283,36.63426,0.4500
5.31058,2.42291,36.65426,0.4500
5.33057,2.42271,36.67425,0.4500
5.35057,2.42251,36.69425,0.4500
5.37056,2.42181,36.71425,0.4500
5.39054,2.42108,36.73425,0.4500
5.41051,2.42014,36.75424,0.4500
5.43048,2.41894,36.77424,0.4500
5.45044,2.41775,36.79424,0.4500
5.47037,2.41612,36.81424,0.4500
5.49030,2.41448,36.83423,0.4500
5.51022,2.41267,36.85423,0.4500
5.53011,2.41067,36.87423,0.4500
5.55001,2.40867,36.89423,0.4500
5.56987,2.40636,36.91422,0.4500
5.58974,2.40404,36.93422,0.4500
5.60958,2.40158,36.95422,0.4500
5.62940,2.39894,36.97422,0.4500
5.64923,2.39630,36.99421,0.4500
5.66902,2.39347,37.01421,0.4500
5.68882,2.39063,37.03421,0.4500
5.70859,2.38766,37.05421,0.4500
5.72835,2.38454,37.07421,0.4500
5.74810,2.38141,37.09420,0.4500
5.76783,2.37814,37.11420,0.4500
5.78756,2.37487,37.13420,0.4500
5.80727,2.37151,37.15420,0.4500
5.82697,2.36807,37.17419,0.4500
5.84667,2.36463,37.19419,0.4500
5.86635,2.36107,37.21419,0.4500
5.88603,2.35751,37.23419,0.4500
5.90569,2.35388,37.25419,0.4500
5.92534,2.35016,37.27418,0.4500
5.94499,2.34643,37.29418,0.4500
5.96462,2.34264,37.31418,0.4500
5.98426,2.33884,37.33418,0.4500
6.00388,2.33501,37.35417,0.4500
6.02350,2.33113,37.37417,0.4500
6.04312,2.32725,37.39417,0.4500
6.06273,2.32333,37.41417,0.4500
6.08234,2.31941,37.43417,0.4500
6.10194,2.31547,37.45416,0.4500
6.12155,2.31151,37.47416,0.4500
6.14115,2.30755,37.49416,0.4500
6.16073,2.30352,37.51416,0.4500
6.18032,2.29948,37.53415,0.4500
6.19990,2.29542,37.55415,0.4500
6.21948,2.29134,37.57415,0.4500
6.23906,2.28726,37.59415,0.4500
6.25863,2.28318,37.61415,0.4500
6.27821,2.27910,37.63414,0.4500
6.29779,2.27503,37.65414,0.4500
6.31737,2.27094,37.67414,0.4500
6.33694,2.26686,37.69414,0.4500
6.35651,2.26275,37.71414,0.4500
6.37608,2.25863,37.73413,0.4500
6.39565,2.25451,37.75413,0.4500
6.41522,2.25039,37.77413,0.4500
6.43479,2.24627,37.79413,0.4500
6.45436,2.24219,37.81412,0.4500
6.47394,2.23810,37.83412,0.4500
6.49351,2.23397,37.85412,0.4500
6.51306,2.22977,37.87412,0.4500
6.53261,2.22557,37.89412,0.4500
6.55202,2.22075,37.91411,0.4500
6.57142,2.21591,37.93411,0.4500
6.59081,2.21102,37.95411,0.4500
6.61019,2.20607,37.97411,0.4500
6.62956,2.20111,37.99410,0.4500
6.64867,2.19523,38.01410,0.4500
6.66777,2.18930,38.03410,0.4500
6.68683,2.18326,38.05410,0.4500
6.70585,2.17706,38.07409,0.4500
6.72486,2.17087,38.09409,0.4500
6.74380,2.16444,38.11409,0.4500
6.76273,2.15800,38.13409,0.4500
6.78156,2.15128,38.15408,0.4500
6.80028,2.14424,38.17408,0.4500
6.81900,2.13720,38.19408,0.4500
6.83767,2.13005,38.21408,0.4500
6.85635,2.12289,38.23407,0.4500
6.87499,2.11564,38.25407,0.4500
6.89358,2.10828,38.27407,0.4500
6.91218,2.10093,38.29407,0.4500
6.93065,2.09327,38.31406,0.4500
6.94911,2.08559,38.33406,0.4500
6.96757,2.07789,38.35406,0.4500
6.98601,2.07015,38.37406,0.4500
7.00445,2.06241,38.39406,0.4500
7.02282,2.05452,38.41405,0.4500
7.04119,2.04661,38.43405,0.4500
7.05952,2.03861,38.45405,0.4500
7.07779,2.03049,38.47405,0.4500
7.09607,2.02237,38.49404,0.4500
7.11434,2.01424,38.51404,0.4500
7.13261,2.00610,38.53404,0.4500
7.15086,1.99793,38.55404,0.4500
7.16908,1.98969,38.57404,0.4500
7.18730,1.98146,38.59403,0.4500
7.20546,1.97307,38.61403,0.4500
7.22361,1.96468,38.63403,0.4500
7.24175,1.95626,38.65403,0.4500
7.25988,1.94781,38.67402,0.4500
7.27800,1.93937,38.69402,0.4500
7.29615,1.93097,38.71402,0.4500
7.31430,1.92258,38.73402,0.4500
7.33242,1.91411,38.75402,0.4500
7.35049,1.90555,38.77401,0.4500
7.36857,1.89699,38.79401,0.4500
7.38662,1.88839,38.81401,0.4500
7.40467,1.87979,38.83401,0.4500
7.42273,1.87120,38.85400,0.4500
7.44081,1.86264,38.87400,0.4500
7.45888,1.85409,38.89400,0.4500
7.47692,1.84545,38.91400,0.4500
7.49496,1.83681,38.93400,0.4500
7.51299,1.82818,38.95399,0.4500
7.53103,1.81954,38.97399,0.4500
7.54906,1.81090,38.99399,0.4500
7.56708,1.80223,39.01399,0.4500
7.58511,1.79356,39.03398,0.4500
7.60313,1.78490,39.05398,0.4500
7.62117,1.77627,39.07398,0.4500
7.63920,1.76763,39.09398,0.4500
7.65722,1.75895,39.11398,0.4500
7.67523,1.75026,39.13397,0.4500
7.69325,1.74159,39.15397,0.4500
7.71129,1.73296,39.17397,0.4500
7.72933,1.72432,39.19397,0.4500
7.74736,1.71568,39.21397,0.4500
7.76540,1.70704,39.23396,0.4500
7.78343,1.69840,39.25396,0.4500
7.80147,1.68977,39.27396,0.4500
7.81951,1.68113,39.29396,0.4500
7.83758,1.67257,39.31395,0.4500
7.85565,1.66401,39.33395,0.4500
7.87373,1.65545,39.35395,0.4500
7.89180,1.64689,39.37395,0.4500
7.90988,1.63834,39.39395,0.4500
7.92797,1.62981,39.41394,0.4500
7.94606,1.62129,39.43394,0.4500
7.96415,1.61276,39.45394,0.4500
7.98224,1.60424,39.47394,0.4500
8.00033,1.59571,39.49393,0.4500
8.01849,1.58734,39.51393,0.4500
8.03665,1.57898,39.53393,0.4500
8.05482,1.57062,39.55393,0.4500
8.07299,1.56228,39.57393,0.4500
8.09117,1.55393,39.59392,0.4500
8.10932,1.54554,39.61392,0.4500
8.12747,1.53714,39.63392,0.4500
8.14565,1.52881,39.65392,0.4500
8.16387,1.52056,39.67391,0.4500
8.18208,1.51232,39.69391,0.4500
8.20037,1.50422,39.71391,0.4500
8.21866,1.49614,39.73391,0.4500
8.23694,1.48804,39.75391,0.4500
8.25522,1.47992,39.77390,0.4500
8.27350,1.47180,39.79390,0.4500
8.29179,1.46373,39.81390,0.4500
8.31009,1.45566,39.83390,0.4500
8.32844,1.44771,39.85389,0.4500
8.34685,1.43990,39.87389,0.4500
8.36526,1.43210,39.89389,0.4500
8.38371,1.42437,39.91389,0.4500
8.40215,1.41665,39.93389,0.4500
8.42059,1.40891,39.95388,0.4500
8.43903,1.40115,39.97388,0.4500
8.45746,1.39340,39.99388,0.4500
8.47595,1.38580,40.01388,0.4500
8.49446,1.37820,40.03387,0.4500
8.51300,1.37073,40.05387,0.4500
8.53161,1.36341,40.07387,0.4500
8.55022,1.35609,40.09387,0.4500
8.56886,1.34884,40.11387,0.4500
8.58750,1.34160,40.13386,0.4500
8.60614,1.33436,40.15386,0.4500
8.62478,1.32712,40.17386,0.4500
8.64342,1.31988,40.19386,0.4500
8.66221,1.31302,40.21385,0.4500
8.68100,1.30618,40.23385,0.4500
8.69983,1.29944,40.25385,0.4500
8.71869,1.29280,40.27385,0.4500
8.73756,1.28617,40.29385,0.4500
8.75643,1.27957,40.31384,0.4500
8.77531,1.27297,40.33384,0.4500
8.79422,1.26645,40.35384,0.4500
8.81316,1.26004,40.37384,0.4500
8.83211,1.25364,40.39383,0.4500
8.85121,1.24773,40.41383,0.4500
8.87033,1.24185,40.43383,0.4500
8.88945,1.23601,40.45383,0.4500
8.90859,1.23022,40.47382,0.4500
8.92773,1.22442,40.49382,0.4500
8.94687,1.21862,40.51382,0.4500
8.96600,1.21281,40.53382,0.4500
8.98526,1.20742,40.55381,0.4500
9.00465,1.20254,40.57381,0.4500
9.02404,1.19767,40.59381,0.4500
9.04345,1.19286,40.61380,0.4500
9.06287,1.18806,40.63380,0.4500
9.08228,1.18327,40.65380,0.4500
9.10171,1.17852,40.67380,0.4500
9.12113,1.17376,40.69379,0.4500
9.14077,1.16998,40.71379,0.4500
9.16042,1.16626,40.73379,0.4500
9.18009,1.16267,40.75379,0.4500
9.19979,1.15923,40.77378,0.4500
9.21949,1.15579,40.79378,0.4500
9.23919,1.15235,40.81378,0.4500
9.25889,1.14891,40.83378,0.4500
9.27868,1.14613,40.85376,0.4500
9.29858,1.14417,40.87376,0.4500
9.31848,1.14221,40.89376,0.4500
9.33840,1.14048,40.91375,0.4500
9.35833,1.13876,40.93375,0.4500
9.37827,1.13727,40.95375,0.4500
9.39823,1.13607,40.97375,0.4500
9.41819,1.13487,40.99374,0.4500
9.43818,1.13510,41.01374,0.4500
9.45818,1.13542,41.03374,0.4500
9.47817,1.13581,41.05373,0.4500
9.49817,1.13629,41.07373,0.4500
9.51816,1.13677,41.09373,0.4500
9.53809,1.13831,41.11373,0.4500
9.55803,1.13991,41.13372,0.4500
9.57781,1.14258,41.15369,0.4500
9.59740,1.14659,41.17368,0.4500
9.61699,1.15059,41.19368,0.4500
9.63582,1.15730,41.21367,0.4500
9.65461,1.16415,41.23367,0.4500
9.67280,1.17232,41.25360,0.4500
9.69025,1.18208,41.27360,0.4500
9.70770,1.19185,41.29360,0.4500
9.72355,1.20403,41.31358,0.4500
9.73932,1.21632,41.33358,0.4500
9.75423,1.22957,41.35353,0.4500
9.76811,1.24397,41.37353,0.4500
9.78199,1.25837,41.39352,0.4500
9.79405,1.27431,41.41352,0.4500
9.80602,1.29033,41.43351,0.4500
9.81719,1.30689,41.45348,0.4500
9.82740,1.32408,41.47348,0.4500
9.83762,1.34127,41.49348,0.4500
9.84632,1.35927,41.51347,0.4500
9.85496,1.37731,41.53347,0.4500
9.86289,1.39564,41.55345,0.4500
9.87002,1.41433,41.57345,0.4500
9.87714,1.43302,41.59345,0.4500
9.88310,1.45210,41.61345,0.4500
9.88901,1.47121,41.63344,0.4500
9.89445,1.49044,41.65343,0.4500
9.89934,1.50983,41.67343,0.4500
9.90423,1.52923,41.69343,0.4500
9.90810,1.54884,41.71343,0.4500
9.91194,1.56847,41.73342,0.4500
9.91543,1.58816,41.75342,0.4500
9.91851,1.60792,41.77342,0.4500
9.92159,1.62768,41.79341,0.4500
9.92386,1.64754,41.81341,0.4500
9.92610,1.66742,41.83341,0.4500
9.92802,1.68732,41.85340,0.4500
9.92958,1.70725,41.87340,0.4500
9.93114,1.72719,41.89340,0.4500
9.93209,1.74717,41.91340,0.4500
9.93301,1.76714,41.93339,0.4500
9.93367,1.78713,41.95339,0.4500
9.93403,1.80712,41.97339,0.4500
9.93439,1.82712,41.99339,0.4500
9.93455,1.84711,42.01338,0.4500
9.93471,1.86711,42.03338,0.4500
9.93486,1.88711,42.05338,0.4500
9.93498,1.90711,42.07338,0.4500
9.93510,1.92710,42.09338,0.4500
9.93522,1.94710,42.11337,0.4500
9.93534,1.96710,42.13337,0.4500
9.93547,1.98710,42.15337,0.4500
9.93563,2.00709,42.17337,0.4500
9.93579,2.02709,42.19336,0.4500
9.93592,2.04709,42.21336,0.4500
9.93604,2.06709,42.23336,0.4500
9.93617,2.08708,42.25336,0.4500
9.93633,2.10708,42.27336,0.4500
9.93649,2.12708,42.29335,0.4500
9.93662,2.14707,42.31335,0.4500
9.93674,2.16707,42.33335,0.4500
9.93687,2.18707,42.35335,0.4500
9.93703,2.20707,42.37334,0.4500
9.93719,2.22706,42.39334,0.4500
9.93731,2.24706,42.41334,0.4500
9.93743,2.26706,42.43334,0.4500
9.93755,2.28706,42.45334,0.4500
9.93767,2.30705,42.47333,0.4500
9.93779,2.32705,42.49333,0.4500
9.93795,2.34705,42.51333,0.4500
9.93811,2.36705,42.53333,0.4500
9.93825,2.38704,42.55332,0.4500
9.93837,2.40704,42.57332,0.4500
9.93849,2.42704,42.59332,0.4500
9.93865,2.44703,42.61332,0.4500
9.93881,2.46703,42.63332,0.4500
9.93895,2.48703,42.65331,0.4500
9.93907,2.50703,42.67331,0.4500
9.93919,2.52702,42.69331,0.4500
9.93931,2.54702,42.71331,0.4500
9.93943,2.56702,42.73331,0.4500
9.93957,2.58702,42.75330,0.4500
9.93973,2.60701,42.77330,0.4500
9.93989,2.62701,42.79330,0.4500
9.94001,2.64701,42.81330,0.4500
9.94014,2.66701,42.83329,0.4500
9.94027,2.68700,42.85329,0.4500
9.94043,2.70700,42.87329,0.4500
9.94059,2.72700,42.89329,0.4500
9.94072,2.74699,42.91329,0.4500
9.94084,2.76699,42.93328,0.4500
9.94096,2.78699,42.95328,0.4500
9.94108,2.80699,42.97328,0.4500
9.94120,2.82698,42.99328,0.4500
9.94135,2.84698,43.01327,0.4500
9.94151,2.86698,43.03327,0.4500
9.94166,2.88698,43.05327,0.4500
9.94178,2.90697,43.07327,0.4500
9.94190,2.92697,43.09327,0.4500
9.94205,2.94697,43.11326,0.4500
9.94221,2.96697,43.13326,0.4500
9.94235,2.98696,43.15326,0.4500
9.94247,3.00696,43.17326,0.4500
9.94259,3.02696,43.19325,0.4500
9.94271,3.04696,43.21325,0.4500
9.94283,3.06695,43.23325,0.4500
9.94297,3.08695,43.25325,0.4500
9.94313,3.10695,43.27325,0.4500
9.94329,3.12694,43.29324,0.4500
9.94341,3.14694,43.31324,0.4500
9.94353,3.16694,43.33324,0.4500
9.94367,3.18694,43.35324,0.4500
9.94383,3.20693,43.37324,0.4500
9.94399,3.22693,43.39323,0.4500
9.94411,3.24693,43.41323,0.4500
9.94423,3.26693,43.43323,0.4500
9.94435,3.28692,43.45323,0.4500
9.94447,3.30692,43.47322,0.4500
9.94459,3.32692,43.49322,0.4500
9.94475,3.34692,43.51322,0.4500
9.94491,3.36691,43.53322,0.4500
9.94505,3.38691,43.55322,0.4500
9.94517,3.40691,43.57321,0.4500
9.94529,3.42690,43.59321,0.4500
9.94545,3.44690,43.61321,0.4500
9.94561,3.46690,43.63321,0.4500
9.94575,3.48690,43.65320,0.4500
9.94587,3.50689,43.67320,0.4500
9.94599,3.52689,43.69320,0.4500
9.94611,3.54689,43.71320,0.4500
9.94623,3.56689,43.73320,0.4500
9.94637,3.58688,43.75319,0.4500
9.94653,3.60688,43.77319,0.4500
9.94669,3.62688,43.79319,0.4500
9.94681,3.64688,43.81319,0.4500
9.94693,3.66687,43.83318,0.4500
9.94707,3.68687,43.85318,0.4500
9.94723,3.70687,43.87318,0.4500
9.94739,3.72686,43.89318,0.4500
9.94751,3.74686,43.91318,0.4500
9.94763,3.76686,43.93317,0.4500
9.94775,3.78686,43.95317,0.4500
9.94787,3.80685,43.97317,0.4500
9.94799,3.82685,43.99317,0.4500
9.94815,3.84685,44.01316,0.4500
9.94831,3.86685,44.03316,0.4500
9.94845,3.88684,44.05316,0.4500
9.94857,3.90684,44.07316,0.4500
9.94869,3.92684,44.09316,0.4500
9.94885,3.94684,44.11315,0.4500
9.94901,3.96683,44.13315,0.4500
9.94915,3.98683,44.15315,0.4500
9.94927,4.00683,44.17315,0.4500
9.94939,4.02682,44.19315,0.4500
9.94955,4.04682,44.21314,0.4500
9.94971,4.06682,44.23314,0.4500
9.94985,4.08682,44.25314,0.4500
9.94997,4.10681,44.27314,0.4500
9.95009,4.12681,44.29313,0.4500
9.95021,4.14681,44.31313,0.4500
9.95033,4.16681,44.33313,0.4500
9.95047,4.18680,44.35313,0.4500
9.95063,4.20680,44.37313,0.4500
9.95079,4.22680,44.39312,0.4500
9.95091,4.24680,44.41312,0.4500
9.95103,4.26679,44.43312,0.4500
9.95117,4.28679,44.45312,0.4500
9.95133,4.30679,44.47311,0.4500
9.95149,4.32678,44.49311,0.4500
9.95161,4.34678,44.51311,0.4500
9.95173,4.36678,44.53311,0.4500
9.95185,4.38678,44.55311,0.4500
9.95197,4.40677,44.57310,0.4500
9.95209,4.42677,44.59310,0.4500
9.95225,4.44677,44.61310,0.4500
9.95241,4.46677,44.63310,0.4500
9.95255,4.48676,44.65309,0.4500
9.95267,4.50676,44.67309,0.4500
9.95279,4.52676,44.69309,0.4500
9.95295,4.54676,44.71309,0.4500
9.95311,4.56675,44.73309,0.4500
9.95325,4.58675,44.75308,0.4500
9.95337,4.60675,44.77308,0.4500
9.95349,4.62674,44.79308,0.4500
9.95361,4.64674,44.81308,0.4500
9.95373,4.66674,44.83308,0.4500
9.95387,4.68674,44.85307,0.4500
9.95403,4.70673,44.87307,0.4500
9.95419,4.72673,44.89307,0.4500
9.95431,4.74673,44.91307,0.4500
9.95443,4.76673,44.93306,0.4500
9.95457,4.78672,44.95306,0.4500
9.95473,4.80672,44.97306,0.4500
9.95489,4.82672,44.99306,0.4500
9.95501,4.84672,45.01306,0.4500
9.95513,4.86671,45.03305,0.4500
9.95525,4.88671,45.05305,0.4500
9.95537,4.90671,45.07305,0.4500
9.95549,4.92671,45.09305,0.4500
9.95565,4.94670,45.11304,0.4500
9.95581,4.96670,45.13304,0.4500
9.95595,4.98670,45.15304,0.4500
9.95607,5.00669,45.17304,0.4500
9.95619,5.02669,45.19304,0.4500
9.95635,5.04669,45.21303,0.4500
9.95651,5.06669,45.23303,0.4500
9.95665,5.08668,45.25303,0.4500
9.95677,5.10668,45.27303,0.4500
9.95689,5.12668,45.29302,0.4500
9.95701,5.14668,45.31302,0.4500
9.95713,5.16667,45.33302,0.4500
9.95727,5.18667,45.35302,0.4500
9.95743,5.20667,45.37302,0.4500
9.95759,5.22666,45.39301,0.4500
9.95771,5.24666,45.41301,0.4500
9.95783,5.26666,45.43301,0.4500
9.95797,5.28666,45.45301,0.4500
9.95813,5.30665,45.47301,0.4500
9.95829,5.32665,45.49300,0.4500
9.95841,5.34665,45.51300,0.4500
9.95853,5.36665,45.53300,0.4500
9.95865,5.38664,45.55300,0.4500
9.95877,5.40664,45.57299,0.4500
9.95889,5.42664,45.59299,0.4500
9.95905,5.44664,45.61299,0.4500
9.95921,5.46663,45.63299,0.4500
9.95935,5.48663,45.65299,0.4500
9.95947,5.50663,45.67298,0.4500
9.95959,5.52663,45.69298,0.4500
9.95975,5.54662,45.71298,0.4500
9.95991,5.56662,45.73298,0.4500
9.96005,5.58662,45.75297,0.4500
9.96017,5.60661,45.77297,0.4500
9.96029,5.62661,45.79297,0.4500
9.96045,5.64661,45.81297,0.4500
9.96061,5.66661,45.83297,0.4500
9.96075,5.68660,45.85296,0.4500
9.96087,5.70660,45.87296,0.4500
9.96099,5.72660,45.89296,0.4500
9.96111,5.74660,45.91296,0.4500
9.96123,5.76659,45.93295,0.4500
9.96137,5.78659,45.95295,0.4500
9.96153,5.80659,45.97295,0.4500
9.96169,5.82658,45.99295,0.4500
9.96181,5.84658,46.01295,0.4500
9.96193,5.86658,46.03294,0.4500
9.96207,5.88658,46.05294,0.4500
9.96223,5.90657,46.07294,0.4500
9.96239,5.92657,46.09294,0.4500
9.96251,5.94657,46.11294,0.4500
9.96263,5.96657,46.13293,0.4500
9.96275,5.98656,46.15293,0.4500
9.96287,6.00656,46.17293,0.4500
9.96299,6.02656,46.19293,0.4500
9.96315,6.04656,46.21292,0.4500
9.96331,6.06655,46.23292,0.4500
9.96345,6.08655,46.25292,0.4500
9.96357,6.10655,46.27292,0.4500
9.96369,6.12655,46.29292,0.4500
9.96385,6.14654,46.31291,0.4500
9.96401,6.16654,46.33291,0.4500
9.96415,6.18654,46.35291,0.4500
9.96427,6.20653,46.37291,0.4500
9.96439,6.22653,46.39290,0.4500
9.96451,6.24653,46.41290,0.4500
9.96463,6.26653,46.43290,0.4500
9.96477,6.28652,46.45290,0.4500
9.96493,6.30652,46.47290,0.4500
9.96509,6.32652,46.49289,0.4500
9.96521,6.34652,46.51289,0.4500
9.96533,6.36651,46.53289,0.4500
9.96546,6.38651,46.55289,0.4500
9.96559,6.40651,46.57288,0.4500
9.96573,6.42651,46.59288,0.4500
9.96586,6.44650,46.61288,0.4500
