x_m,y_m,s_m
9.74100,6.46681,0.00000
9.74092,6.48560,0.02000
9.74084,6.50571,0.04000
9.74078,6.52593,0.05999
9.74074,6.54604,0.07999
9.74070,6.56581,0.09999
9.74062,6.58559,0.11999
9.74054,6.60570,0.13998
9.74048,6.62592,0.15998
9.74044,6.64603,0.17998
9.74040,6.66580,0.19998
9.74032,6.68558,0.21998
9.74024,6.70568,0.23997
9.74018,6.72591,0.25997
9.74014,6.74602,0.27997
9.74010,6.76579,0.29997
9.74002,6.78556,0.31996
9.73994,6.80567,0.33996
9.73988,6.82590,0.35996
9.73984,6.84601,0.37996
9.73980,6.86578,0.39996
9.73972,6.88555,0.41995
9.73964,6.90566,0.43995
9.73958,6.92588,0.45995
9.73954,6.94600,0.47995
9.73950,6.96577,0.49995
9.73942,6.98554,0.51994
9.73934,7.00565,0.53994
9.73928,7.02587,0.55994
9.73924,7.04598,0.57994
9.73920,7.06576,0.59993
9.73912,7.08553,0.61993
9.73904,7.10553,0.63993
9.73896,7.12552,0.65993
9.73888,7.14552,0.67993
9.73880,7.16574,0.69992
9.73876,7.18597,0.71992
9.73872,7.20585,0.73992
9.73866,7.22563,0.75992
9.73858,7.24551,0.77991
9.73850,7.26573,0.79991
9.73846,7.28595,0.81991
9.73842,7.30584,0.83991
9.73836,7.32562,0.85991
9.73828,7.34550,0.87990
9.73820,7.36572,0.89990
9.73816,7.38594,0.91990
9.73812,7.40583,0.93990
9.73806,7.42560,0.95989
9.73798,7.44549,0.97989
9.73790,7.46571,0.99989
9.73786,7.48593,1.01989
9.73782,7.50582,1.03989
9.73776,7.52559,1.05988
9.73768,7.54548,1.07988
9.73760,7.56570,1.09988
9.73756,7.58592,1.11988
9.73752,7.60581,1.13988
9.73746,7.62558,1.15987
9.73738,7.64546,1.17987
9.73730,7.66569,1.19987
9.73726,7.68591,1.21987
9.73722,7.70580,1.23986
9.73716,7.72557,1.25986
9.73708,7.74545,1.27986
9.73700,7.76545,1.29986
9.73692,7.78545,1.31986
9.73684,7.80556,1.33985
9.73678,7.82578,1.35985
9.73674,7.84589,1.37985
9.73670,7.86567,1.39985
9.73662,7.88544,1.41984
9.73654,7.90555,1.43984
9.73648,7.92577,1.45984
9.73644,7.94588,1.47984
9.73640,7.96566,1.49984
9.73632,7.98543,1.51983
9.73624,8.00553,1.53983
9.73618,8.02576,1.55983
9.73614,8.04587,1.57983
9.73610,8.06564,1.59982
9.73602,8.08542,1.61982
9.73594,8.10552,1.63982
9.73588,8.12575,1.65982
9.73584,8.14586,1.67982
9.73580,8.16563,1.69981
9.73572,8.18541,1.71981
9.73564,8.20551,1.73981
9.73558,8.22573,1.75981
9.73554,8.24585,1.77981
9.73550,8.26562,1.79980
9.73542,8.28539,1.81980
9.73534,8.30539,1.83980
9.73526,8.32539,1.85980
9.73518,8.34538,1.87979
9.73510,8.36560,1.89979
9.73506,8.38583,1.91979
9.73502,8.40572,1.93979
9.73496,8.42549,1.95979
9.73488,8.44537,1.97978
9.73480,8.46559,1.99978
9.73476,8.48582,2.01978
9.73472,8.50571,2.03978
9.73466,8.52548,2.05977
9.73458,8.54536,2.07977
9.73450,8.56558,2.09977
9.73446,8.58580,2.11977
9.73442,8.60569,2.13977
9.73436,8.62547,2.15976
9.73428,8.64535,2.17976
9.73420,8.66557,2.19976
9.73416,8.68579,2.21976
9.73412,8.70568,2.23975
9.73406,8.72546,2.25975
9.73398,8.74534,2.27975
9.73390,8.76556,2.29975
9.73386,8.78578,2.31975
9.73382,8.80567,2.33974
9.73376,8.82545,2.35974
9.73368,8.84533,2.37974
9.73360,8.86555,2.39974
9.73356,8.88577,2.41974
9.73352,8.90566,2.43973
9.73346,8.92543,2.45973
9.73338,8.94532,2.47973
9.73330,8.96531,2.49973
9.73322,8.98531,2.51972
9.73314,9.00542,2.53972
9.73308,9.02564,2.55972
9.73304,9.04575,2.57972
9.73300,9.06553,2.59972
9.73292,9.08530,2.61971
9.73284,9.10541,2.63971
9.73278,9.12563,2.65971
9.73274,9.14574,2.67971
9.73270,9.16552,2.69970
9.73262,9.18529,2.71970
9.73254,9.20539,2.73970
9.73248,9.22562,2.75970
9.73244,9.24573,2.77970
9.73240,9.26551,2.79969
9.73232,9.28528,2.81969
9.73224,9.30538,2.83969
9.73218,9.32561,2.85969
9.73214,9.34572,2.87968
9.73210,9.36550,2.89968
9.73202,9.38527,2.91968
9.73194,9.40537,2.93968
9.73188,9.42559,2.95968
9.73184,9.44571,2.97967
9.73180,9.46549,2.99967
9.73172,9.48526,3.01967
9.73164,9.50536,3.03967
9.73158,9.52558,3.05966
9.73154,9.54570,3.07966
9.73150,9.56547,3.09966
9.73142,9.58525,3.11966
9.73134,9.60524,3.13966
9.73126,9.62524,3.15965
9.73118,9.64524,3.17965
9.73110,9.66545,3.19965
9.73106,9.68568,3.21965
9.73102,9.70557,3.23965
9.73096,9.72534,3.25964
9.73088,9.74522,3.27964
9.73080,9.76544,3.29964
9.73076,9.78567,3.31964
9.73072,9.80556,3.33963
9.73066,9.82533,3.35963
9.73058,9.84521,3.37963
9.73050,9.86543,3.39963
9.73046,9.88565,3.41963
9.73042,9.90555,3.43962
9.73036,9.92532,3.45962
9.73028,9.94520,3.47962
9.73020,9.96542,3.49962
9.73016,9.98564,3.51961
9.73012,10.00554,3.53961
9.73006,10.02531,3.55961
9.72998,10.04519,3.57961
9.72990,10.06541,3.59961
9.72986,10.08563,3.61960
9.72982,10.10552,3.63960
9.72976,10.12530,3.65960
9.72968,10.14518,3.67960
9.72960,10.16540,3.69959
9.72956,10.18562,3.71959
9.72952,10.20551,3.73959
9.72946,10.22529,3.75959
9.72938,10.24517,3.77959
9.72930,10.26516,3.79958
9.72922,10.28516,3.81958
9.72914,10.30527,3.83958
9.72908,10.32549,3.85958
9.72904,10.34561,3.87958
9.72900,10.36538,3.89957
9.72892,10.38516,3.91957
9.72884,10.40526,3.93957
9.72878,10.42548,3.95957
9.72874,10.44559,3.97956
9.72870,10.46537,3.99956
9.72862,10.48514,4.01956
9.72854,10.50524,4.03956
9.72848,10.52547,4.05956
9.72844,10.54558,4.07955
9.72840,10.56536,4.09955
9.72832,10.58513,4.11955
9.72824,10.60523,4.13955
9.72818,10.62546,4.15954
9.72814,10.64557,4.17954
9.72810,10.66535,4.19954
9.72802,10.68512,4.21954
9.72794,10.70522,4.23954
9.72788,10.72544,4.25953
9.72784,10.74556,4.27953
9.72780,10.76534,4.29953
9.72772,10.78511,4.31953
9.72764,10.80521,4.33952
9.72758,10.82543,4.35952
9.72754,10.84555,4.37952
9.72750,10.86533,4.39952
9.72742,10.88510,4.41952
9.72734,10.90509,4.43951
9.72726,10.92509,4.45951
9.72718,10.94509,4.47951
9.72710,10.96530,4.49951
9.72706,10.98553,4.51951
9.72702,11.00542,4.53950
9.72696,11.02520,4.55950
9.72688,11.04507,4.57950
9.72680,11.06529,4.59950
9.72676,11.08551,4.61949
9.72672,11.10541,4.63949
9.72666,11.12518,4.65949
9.72658,11.14506,4.67949
9.72650,11.16528,4.69949
9.72646,11.18550,4.71948
9.72642,11.20540,4.73948
9.72636,11.22517,4.75948
9.72628,11.24505,4.77948
9.72620,11.26527,4.79947
9.72616,11.28549,4.81947
9.72612,11.30539,4.83947
9.72606,11.32516,4.85947
9.72598,11.34504,4.87947
9.72590,11.36526,4.89946
9.72586,11.38548,4.91946
9.72582,11.40538,4.93946
9.72576,11.42515,4.95946
9.72568,11.44503,4.97945
9.72560,11.46503,4.99945
9.72552,11.48502,5.01945
9.72544,11.50513,5.03945
9.72538,11.52535,5.05945
9.72534,11.54547,5.07944
9.72530,11.56525,5.09944
9.72522,11.58502,5.11944
9.72514,11.60512,5.13944
9.72508,11.62534,5.15943
9.72504,11.64546,5.17943
9.72500,11.66524,5.19943
9.72492,11.68501,5.21943
9.72484,11.70510,5.23943
9.72478,11.72533,5.25942
9.72474,11.74544,5.27942
9.72470,11.76522,5.29942
9.72462,11.78500,5.31942
9.72454,11.80509,5.33942
9.72448,11.82532,5.35941
9.72444,11.84543,5.37941
9.72440,11.86565,5.39941
9.72440,11.88587,5.41941
9.72440,11.90609,5.43940
9.72444,11.92654,5.45940
9.72452,11.94677,5.47940
9.72460,11.96677,5.49940
9.72468,11.98677,5.51940
9.72476,12.00666,5.53939
9.72482,12.02643,5.55939
9.72486,12.04631,5.57939
9.72490,12.06565,5.59939
9.72482,12.08498,5.61938
9.72475,12.10453,5.63938
9.72460,12.12363,5.65938
9.72436,12.14315,5.67938
9.72415,12.16140,5.69938
9.72364,12.17958,5.71937
9.72312,12.19846,5.73937
9.72245,12.21620,5.75937
9.72155,12.23499,5.77937
9.72073,12.25235,5.79936
9.71948,12.26960,5.81936
9.71817,12.28788,5.83936
9.71675,12.30441,5.85935
9.71488,12.32250,5.87935
9.71328,12.33847,5.89935
9.71106,12.35423,5.91935
9.70859,12.37202,5.93935
9.70613,12.38776,5.95934
9.70302,12.40532,5.97934
9.70032,12.42083,5.99934
9.69700,12.43605,6.01933
9.69325,12.45335,6.03933
9.68970,12.46834,6.05932
9.68526,12.48532,6.07932
9.68136,12.50049,6.09932
9.67683,12.51533,6.11932
9.67165,12.53244,6.13932
9.66680,12.54748,6.15931
9.66100,12.56427,6.17931
9.65573,12.57967,6.19931
9.64994,12.59475,6.21930
9.64344,12.61173,6.23930
9.63735,12.62692,6.25930
9.63034,12.64356,6.27929
9.62381,12.65913,6.29929
9.61686,12.67440,6.31929
9.60891,12.69186,6.33929
9.60115,12.70864,6.35928
9.59297,12.72600,6.37928
9.58495,12.74304,6.39928
9.57676,12.75995,6.41928
9.56951,12.77496,6.43928
9.56354,12.78645,6.45926
9.55553,12.80058,6.47926
9.54725,12.81529,6.49926
9.53860,12.82964,6.51926
9.52975,12.84434,6.53925
9.52218,12.85626,6.55925
9.51272,12.87021,6.57924
9.50507,12.88167,6.59924
9.49680,12.89241,6.61924
9.48586,12.90675,6.63924
9.47579,12.91953,6.65923
9.46439,12.93347,6.67923
9.45799,12.94163,6.69923
9.45089,12.94865,6.71922
9.43900,12.96083,6.73922
9.42869,12.97091,6.75921
9.41618,12.98247,6.77921
9.40597,12.99204,6.79921
9.39533,13.00079,6.81920
9.38357,13.01059,6.83920
9.37536,13.01688,6.85918
9.36313,13.02529,6.87918
9.35269,13.03267,6.89918
9.34191,13.03902,6.91917
9.32776,13.04753,6.93917
9.31640,13.05391,6.95916
9.30194,13.06136,6.97916
9.29017,13.06758,6.99915
9.27820,13.07279,7.01915
9.26358,13.07929,7.03915
9.25253,13.08375,7.05913
9.23777,13.08900,7.07913
9.22555,13.09350,7.09913
9.21329,13.09695,7.11913
9.19705,13.10164,7.13912
9.18357,13.10515,7.15911
9.16725,13.10888,7.17911
9.15254,13.11232,7.19911
9.13786,13.11498,7.21911
9.12066,13.11813,7.23910
9.10589,13.12053,7.25910
9.08874,13.12286,7.27909
9.07257,13.12511,7.29909
9.05648,13.12675,7.31909
9.03872,13.12858,7.33909
9.02308,13.12991,7.35908
9.00543,13.13103,7.37908
8.98807,13.13216,7.39908
8.97079,13.13285,7.41908
8.95174,13.13362,7.43907
8.93354,13.13421,7.45907
8.91452,13.13467,7.47907
8.89562,13.13512,7.49907
8.87675,13.13539,7.51906
8.85680,13.13567,7.53906
8.83680,13.13595,7.55906
8.81681,13.13623,7.57906
8.79573,13.13653,7.59905
8.77461,13.13703,7.61905
8.75437,13.13751,7.63905
8.73393,13.13804,7.65905
8.71370,13.13861,7.67905
8.69608,13.13911,7.69904
8.67856,13.13922,7.71904
8.66073,13.13934,7.73904
8.64523,13.13915,7.75903
8.62768,13.13854,7.77903
8.61180,13.13804,7.79903
8.59614,13.13689,7.81903
8.57865,13.13564,7.83902
8.56367,13.13425,7.85902
8.54646,13.13223,7.87901
8.53071,13.13043,7.89901
8.51523,13.12800,7.91901
8.49783,13.12530,7.93901
8.48287,13.12267,7.95900
8.46582,13.11925,7.97900
8.45119,13.11638,7.99900
8.43693,13.11279,8.01899
8.42041,13.10869,8.03899
8.40691,13.10497,8.05898
8.39089,13.10003,8.07898
8.37663,13.09572,8.09898
8.36284,13.09073,8.11897
8.34651,13.08487,8.13897
8.33276,13.07960,8.15896
8.31693,13.07304,8.17896
8.30342,13.06752,8.19896
8.29046,13.06135,8.21896
8.27480,13.05395,8.23895
8.26169,13.04739,8.25895
8.24661,13.03934,8.27894
8.23411,13.03276,8.29894
8.22228,13.02555,8.31894
8.20804,13.01696,8.33894
8.19694,13.00983,8.35893
8.18355,13.00054,8.37892
8.17178,12.99249,8.39892
8.16072,12.98389,8.41892
8.14681,12.97316,8.43892
8.13495,12.96363,8.45891
8.12166,12.95241,8.47891
8.11019,12.94281,8.49890
8.09940,12.93278,8.51890
8.08754,12.92183,8.53890
8.07897,12.91338,8.55888
8.06829,12.90192,8.57888
8.05750,12.89046,8.59888
8.04735,12.87871,8.61888
8.03572,12.86528,8.63888
8.02577,12.85336,8.65887
8.01482,12.83962,8.67887
8.00611,12.82884,8.69886
7.99831,12.81774,8.71886
7.98819,12.80347,8.73886
7.97969,12.79097,8.75885
7.97030,12.77639,8.77885
7.96112,12.76220,8.79885
7.95245,12.74786,8.81885
7.94271,12.73178,8.83884
7.93370,12.71657,8.85884
7.92433,12.70035,8.87884
7.91636,12.68662,8.89884
7.90906,12.67275,8.91883
7.90080,12.65711,8.93883
7.89389,12.64339,8.95882
7.88640,12.62760,8.97882
7.87994,12.61416,8.99882
7.87430,12.60063,9.01882
7.86767,12.58484,9.03881
7.86248,12.57160,9.05881
7.85681,12.55576,9.07880
7.85184,12.54213,9.09880
7.84775,12.52850,9.11880
7.84280,12.51221,9.13880
7.83906,12.49873,9.15879
7.83510,12.48250,9.17878
7.83159,12.46846,9.19878
7.82895,12.45449,9.21878
7.82568,12.43746,9.23878
7.82321,12.42293,9.25877
7.82079,12.40597,9.27877
7.81855,12.39066,9.29876
7.81704,12.37549,9.31876
7.81523,12.35755,9.33876
7.81386,12.34147,9.35875
7.81269,12.32360,9.37875
7.81156,12.30687,9.39875
7.81096,12.29027,9.41875
7.81029,12.27166,9.43875
7.80985,12.25436,9.45874
7.80964,12.23584,9.47874
7.80941,12.21735,9.49874
7.80944,12.19892,9.51873
7.80948,12.17951,9.53873
7.80960,12.16064,9.55873
7.80983,12.14126,9.57873
7.81006,12.12190,9.59873
7.81041,12.10258,9.61872
7.81077,12.08262,9.63872
7.81113,12.06263,9.65872
7.81149,12.04263,9.67872
7.81185,12.02221,9.69871
7.81214,12.00176,9.71871
7.81243,11.98154,9.73871
7.81268,11.96110,9.75871
7.81288,11.94085,9.77871
7.81308,11.92043,9.79870
7.81321,11.89998,9.81870
7.81333,11.87986,9.83870
7.81343,11.85964,9.85870
7.81351,11.83952,9.87870
7.81359,11.81952,9.89869
7.81367,11.79952,9.91869
7.81375,11.77952,9.93869
7.81383,11.75953,9.95869
7.81391,11.73953,9.97868
7.81399,11.71953,9.99868
7.81407,11.69953,10.01868
7.81415,11.67954,10.03868
7.81423,11.65954,10.05868
7.81431,11.63954,10.07867
7.81439,11.61976,10.09867
7.81451,11.59998,10.11867
7.81463,11.57990,10.13867
7.81473,11.55967,10.15866
7.81481,11.53955,10.17866
7.81489,11.51955,10.19866
7.81497,11.49956,10.21866
7.81505,11.47956,10.23866
7.81513,11.45956,10.25865
7.81521,11.43956,10.27865
7.81529,11.41957,10.29865
7.81537,11.39957,10.31865
7.81545,11.37957,10.33864
7.81553,11.35957,10.35864
7.81561,11.33958,10.37864
7.81569,11.31979,10.39864
7.81581,11.30002,10.41864
7.81593,11.27993,10.43863
7.81603,11.25971,10.45863
7.81611,11.23959,10.47863
7.81619,11.21959,10.49863
7.81627,11.19959,10.51863
7.81635,11.17959,10.53862
7.81643,11.15960,10.55862
7.81651,11.13960,10.57862
7.81659,11.11960,10.59862
7.81667,11.09960,10.61861
7.81675,11.07961,10.63861
7.81683,11.05961,10.65861
7.81691,11.03961,10.67861
7.81699,11.01983,10.69861
7.81711,11.00005,10.71860
7.81723,10.97997,10.73860
7.81733,10.95975,10.75860
7.81741,10.93962,10.77860
7.81749,10.91963,10.79859
7.81757,10.89963,10.81859
7.81765,10.87963,10.83859
7.81773,10.85963,10.85859
7.81781,10.83964,10.87859
7.81789,10.81964,10.89858
7.81797,10.79964,10.91858
7.81805,10.77964,10.93858
7.81813,10.75964,10.95858
7.81821,10.73965,10.97857
7.81829,10.71986,10.99857
7.81841,10.70009,11.01857
7.81853,10.68001,11.03857
7.81863,10.65978,11.05857
7.81871,10.63966,11.07856
7.81879,10.61966,11.09856
7.81887,10.59966,11.11856
7.81895,10.57967,11.13856
7.81903,10.55967,11.15856
7.81911,10.53967,11.17855
7.81919,10.51967,11.19855
7.81927,10.49968,11.21855
7.81935,10.47968,11.23855
7.81943,10.45968,11.25854
7.81951,10.43968,11.27854
7.81959,10.41990,11.29854
7.81971,10.40012,11.31854
7.81983,10.38004,11.33854
7.81993,10.35982,11.35853
7.82001,10.33970,11.37853
7.82009,10.31970,11.39853
7.82017,10.29970,11.41853
7.82025,10.27970,11.43852
7.82033,10.25970,11.45852
7.82041,10.23971,11.47852
7.82049,10.21971,11.49852
7.82057,10.19971,11.51852
7.82065,10.17971,11.53851
7.82073,10.15972,11.55851
7.82081,10.13972,11.57851
7.82089,10.11972,11.59851
7.82097,10.09972,11.61850
7.82105,10.07982,11.63850
7.82115,10.06005,11.65850
7.82127,10.04018,11.67850
7.82139,10.01997,11.69850
7.82147,9.99975,11.71849
7.82155,9.97974,11.73849
7.82163,9.95974,11.75849
7.82171,9.93974,11.77849
7.82179,9.91974,11.79848
7.82187,9.89975,11.81848
7.82195,9.87975,11.83848
7.82203,9.85975,11.85848
7.82211,9.83975,11.87848
7.82219,9.81976,11.89847
7.82227,9.79976,11.91847
7.82235,9.77986,11.93847
7.82245,9.76009,11.95847
7.82257,9.74022,11.97847
7.82269,9.72001,11.99846
7.82277,9.69978,12.01846
7.82285,9.67977,12.03846
7.82293,9.65978,12.05846
7.82301,9.63978,12.07845
7.82309,9.61978,12.09845
7.82317,9.59978,12.11845
7.82325,9.57979,12.13845
7.82333,9.55979,12.15845
7.82341,9.53979,12.17844
7.82349,9.51979,12.19844
7.82357,9.49979,12.21844
7.82365,9.47990,12.23844
7.82375,9.46012,12.25843
7.82387,9.44025,12.27843
7.82399,9.42004,12.29843
7.82407,9.39982,12.31843
7.82415,9.37981,12.33843
7.82423,9.35981,12.35842
7.82431,9.33981,12.37842
7.82439,9.31982,12.39842
7.82447,9.29982,12.41842
7.82455,9.27982,12.43841
7.82463,9.25982,12.45841
7.82471,9.23983,12.47841
7.82479,9.21983,12.49841
7.82487,9.19983,12.51841
7.82495,9.17993,12.53840
7.82505,9.16016,12.55840
7.82517,9.14029,12.57840
7.82529,9.12008,12.59840
7.82537,9.09986,12.61840
7.82545,9.07984,12.63839
7.82553,9.05985,12.65839
7.82561,9.03985,12.67839
7.82569,9.01985,12.69839
7.82577,8.99985,12.71838
7.82585,8.97986,12.73838
7.82593,8.95986,12.75838
7.82601,8.93986,12.77838
7.82609,8.91986,12.79838
7.82617,8.89987,12.81837
7.82625,8.87997,12.83837
7.82635,8.86019,12.85837
7.82647,8.84032,12.87837
7.82659,8.82012,12.89836
7.82667,8.79989,12.91836
7.82675,8.77988,12.93836
7.82683,8.75988,12.95836
7.82691,8.73989,12.97836
7.82699,8.71989,12.99835
7.82707,8.69989,13.01835
7.82715,8.67989,13.03835
7.82723,8.65989,13.05835
7.82731,8.63990,13.07834
7.82739,8.61990,13.09834
7.82747,8.59990,13.11834
7.82755,8.58010,13.13834
7.82766,8.56055,13.15834
7.82782,8.54081,13.17833
7.82785,8.52691,13.19833
7.82877,8.51348,13.21833
7.82956,8.50021,13.23833
7.83016,8.49482,13.25828
7.83259,8.48328,13.27828
7.83633,8.46435,13.29828
7.84018,8.44549,13.31828
7.84360,8.42867,13.33827
7.84664,8.41542,13.35826
7.85086,8.39958,13.37826
7.85585,8.38069,13.39826
7.86092,8.36186,13.41826
7.86532,8.34541,13.43825
7.86906,8.33280,13.45824
7.87422,8.31754,13.47824
7.88036,8.29920,13.49824
7.88661,8.28096,13.51824
7.89208,8.26492,13.53823
7.89660,8.25272,13.55822
7.90276,8.23793,13.57822
7.90997,8.22049,13.59822
7.91732,8.20321,13.61822
7.92406,8.18735,13.63821
7.92974,8.17483,13.65820
7.93703,8.16010,13.67820
7.94488,8.14417,13.69820
7.95298,8.12857,13.71820
7.96119,8.11277,13.73820
7.96846,8.09937,13.75819
7.97710,8.08439,13.77819
7.98512,8.07037,13.79818
7.99352,8.05691,13.81818
8.00341,8.04108,13.83818
8.01286,8.02628,13.85818
8.02307,8.01071,13.87817
8.03081,7.99876,13.89817
8.03903,7.98764,13.91817
8.05016,7.97254,13.93817
8.06101,7.95804,13.95816
8.07249,7.94300,13.97816
8.08260,7.92972,13.99816
8.09297,7.91696,14.01816
8.10445,7.90286,14.03815
8.11494,7.89033,14.05815
8.12670,7.87683,14.07815
8.13856,7.86319,14.09814
8.15056,7.84988,14.11814
8.16321,7.83586,14.13814
8.17523,7.82278,14.15814
8.18805,7.80914,14.17813
8.20013,7.79627,14.19813
8.21236,7.78380,14.21813
8.22596,7.76997,14.23813
8.23936,7.75644,14.25812
8.25311,7.74269,14.27812
8.26683,7.72896,14.29812
8.28060,7.71535,14.31812
8.29459,7.70151,14.33812
8.30839,7.68793,14.35811
8.32243,7.67420,14.37811
8.33736,7.65960,14.39811
8.35223,7.64484,14.41811
8.36685,7.63031,14.43810
8.38185,7.61524,14.45810
8.39638,7.60046,14.47810
8.41164,7.58493,14.49810
8.42676,7.56907,14.51810
8.44162,7.55343,14.53809
8.45747,7.53632,14.55809
8.47208,7.52001,14.57809
8.48855,7.50154,14.59808
8.50454,7.48217,14.61808
8.51906,7.46437,14.63808
8.53507,7.44379,14.65807
8.54894,7.42484,14.67807
8.56447,7.40341,14.69807
8.57918,7.38079,14.71806
8.59216,7.36043,14.73806
8.60669,7.33595,14.75804
8.61850,7.31407,14.77804
8.63212,7.28835,14.79804
8.64425,7.26106,14.81803
8.65409,7.23802,14.83803
8.66487,7.20991,14.85801
8.67294,7.18539,14.87800
8.68214,7.15644,14.89800
8.68927,7.12607,14.91799
8.69482,7.10046,14.93799
8.70022,7.06836,14.95796
8.70315,7.04134,14.97796
8.70585,7.01441,14.99795
8.70710,6.98679,15.01795
8.70792,6.96363,15.03795
8.70825,6.93756,15.05794
8.70785,6.91409,15.07793
8.70738,6.88992,15.09793
8.70606,6.86545,15.11793
8.70472,6.84256,15.13793
8.70259,6.81656,15.15792
8.69999,6.79323,15.17791
8.69737,6.77022,15.19791
8.69412,6.74705,15.21791
8.69108,6.72585,15.23791
8.68762,6.70338,15.25790
8.68404,6.68211,15.27790
8.67998,6.65821,15.29790
8.67502,6.63412,15.31790
8.67060,6.61317,15.33789
8.66575,6.59119,15.35789
8.66087,6.57032,15.37789
8.65576,6.54854,15.39789
8.65017,6.52668,15.41788
8.64477,6.50581,15.43788
8.63869,6.48341,15.45788
8.63263,6.46242,15.47788
8.62640,6.44088,15.49787
8.61966,6.41928,15.51787
8.61342,6.39944,15.53787
8.60688,6.37904,15.55787
8.60039,6.35926,15.57786
8.59310,6.33715,15.59786
8.58513,6.31499,15.61786
8.57801,6.29543,15.63786
8.57063,6.27546,15.65785
8.56332,6.25605,15.67785
8.55542,6.23513,15.69785
8.54704,6.21419,15.71785
8.53919,6.19471,15.73784
8.53084,6.17445,15.75784
8.52263,6.15501,15.77784
8.51437,6.13549,15.79784
8.50586,6.11596,15.81784
8.49727,6.09630,15.83783
8.48772,6.07513,15.85783
8.47841,6.05536,15.87783
8.46940,6.03626,15.89782
8.46018,6.01716,15.91782
8.45101,5.99824,15.93782
8.44116,5.97833,15.95782
8.43151,5.95937,15.97781
8.42155,5.93982,15.99781
8.41118,5.92028,16.01781
8.40146,5.90204,16.03781
8.39141,5.88337,16.05781
8.38148,5.86522,16.07780
8.37058,5.84531,16.09780
8.35912,5.82546,16.11780
8.34857,5.80730,16.13780
8.33748,5.78852,16.15779
8.32662,5.77049,16.17779
8.31557,5.75218,16.19779
8.30425,5.73390,16.21779
8.29296,5.71572,16.23778
8.28057,5.69628,16.25778
8.26859,5.67811,16.27778
8.25656,5.65988,16.29778
8.24416,5.64172,16.31777
8.23193,5.62388,16.33777
8.21839,5.60468,16.35777
8.20539,5.58689,16.37776
8.19001,5.56601,16.39776
8.17335,5.54549,16.41776
8.15847,5.52745,16.43776
8.14086,5.50719,16.45774
8.12455,5.48963,16.47774
8.10594,5.46983,16.49774
8.08582,5.45066,16.51773
8.06803,5.43408,16.53773
8.04637,5.41517,16.55772
8.02681,5.39949,16.57771
8.00494,5.38222,16.59771
7.98151,5.36590,16.61770
7.96132,5.35220,16.63770
7.93698,5.33682,16.65768
7.91523,5.32433,16.67768
7.89110,5.31070,16.69768
7.86564,5.29823,16.71767
7.84387,5.28788,16.73767
7.81810,5.27658,16.75766
7.79512,5.26755,16.77766
7.76991,5.25782,16.79765
7.74365,5.24930,16.81765
7.72148,5.24235,16.83765
7.69623,5.23507,16.85764
7.67335,5.22922,16.87763
7.64852,5.22299,16.89763
7.62300,5.21777,16.91763
7.60086,5.21340,16.93762
7.57626,5.20903,16.95762
7.55365,5.20558,16.97762
7.53032,5.20207,16.99761
7.50662,5.19921,17.01761
7.48486,5.19668,17.03761
7.46116,5.19426,17.05760
7.43902,5.19243,17.07760
7.41639,5.19058,17.09760
7.39350,5.18923,17.11760
7.37244,5.18805,17.13759
7.35044,5.18699,17.15759
7.32929,5.18618,17.17759
7.30744,5.18536,17.19759
7.28542,5.18488,17.21758
7.26499,5.18447,17.23758
7.24432,5.18411,17.25758
7.22394,5.18382,17.27758
7.20394,5.18354,17.29758
7.18394,5.18326,17.31757
7.16385,5.18298,17.33757
7.14363,5.18272,17.35757
7.12350,5.18247,17.37757
7.10371,5.18224,17.39756
7.08394,5.18196,17.41756
7.06387,5.18168,17.43756
7.04365,5.18142,17.45756
7.02352,5.18117,17.47756
7.00353,5.18093,17.49755
6.98353,5.18069,17.51755
6.96363,5.18046,17.53755
6.94386,5.18020,17.55755
6.92399,5.17992,17.57754
6.90379,5.17964,17.59754
6.88357,5.17939,17.61754
6.86365,5.17916,17.63754
6.84388,5.17890,17.65754
6.82401,5.17862,17.67753
6.80381,5.17834,17.69753
6.78359,5.17810,17.71753
6.76367,5.17786,17.73753
6.74389,5.17760,17.75752
6.72403,5.17732,17.77752
6.70403,5.17704,17.79752
6.68404,5.17676,17.81752
6.66745,5.17656,17.83752
6.65559,5.17606,17.85750
6.64036,5.17469,17.87750
6.63616,5.17489,17.89750
6.63358,5.17372,17.91748
6.62303,5.17128,17.93748
6.62137,5.17087,17.95741
6.61259,5.16689,17.97741
6.60991,5.16648,17.99740
6.60914,5.16521,18.01738
6.60046,5.15987,18.03738
6.60019,5.15981,18.05731
6.59378,5.15358,18.07730
6.59132,5.15222,18.09730
6.59083,5.15055,18.11728
6.58411,5.14224,18.13728
6.58322,5.14105,18.15721
6.57868,5.13232,18.17721
6.57725,5.13128,18.19721
6.57773,5.13038,18.21719
6.57414,5.12041,18.23719
6.57376,5.11918,18.25712
6.57234,5.10933,18.27712
6.57090,5.10327,18.29712
6.57108,5.09756,18.31711
6.57041,5.07997,18.33711
6.57007,5.06404,18.35710
6.57004,5.04620,18.37710
6.57000,5.02642,18.39710
6.57000,5.00665,18.41710
6.57000,4.98666,18.43709
6.57000,4.96666,18.45709
6.57000,4.94666,18.47709
6.57000,4.92666,18.49709
6.57000,4.90667,18.51708
6.57000,4.88667,18.53708
6.57000,4.86667,18.55708
6.57000,4.84667,18.57708
6.57000,4.82667,18.59708
6.57000,4.80668,18.61707
6.57000,4.78668,18.63707
6.57000,4.76668,18.65707
6.57000,4.74668,18.67707
6.57000,4.72669,18.69707
6.57000,4.70669,18.71706
6.57000,4.68669,18.73706
6.57000,4.66669,18.75706
6.57000,4.64669,18.77706
6.57000,4.62670,18.79705
6.57000,4.60670,18.81705
6.57000,4.58670,18.83705
6.57000,4.56670,18.85705
6.57000,4.54670,18.87705
6.57000,4.52671,18.89704
6.57000,4.50671,18.91704
6.57000,4.48671,18.93704
6.57000,4.46671,18.95704
6.57000,4.44672,18.97703
6.57000,4.42672,18.99703
6.57000,4.40672,19.01703
6.57000,4.38672,19.03703
6.57000,4.36672,19.05703
6.57000,4.34673,19.07702
6.57000,4.32673,19.09702
6.57000,4.30673,19.11702
6.57000,4.28673,19.13702
6.57000,4.26674,19.15701
6.57000,4.24674,19.17701
6.57000,4.22674,19.19701
6.57000,4.20674,19.21701
6.57000,4.18674,19.23701
6.57000,4.16675,19.25700
6.57000,4.14675,19.27700
6.57000,4.12675,19.29700
6.57000,4.10675,19.31700
6.57000,4.08676,19.33700
6.57000,4.06676,19.35699
6.57000,4.04676,19.37699
6.57000,4.02676,19.39699
6.57000,4.00676,19.41699
6.57000,3.98562,19.43698
6.56977,3.96315,19.45698
6.56930,3.94183,19.47698
6.56865,3.91577,19.49698
6.56673,3.88953,19.51697
6.56488,3.86611,19.53697
6.56198,3.83926,19.55696
6.55869,3.81573,19.57696
6.55490,3.78963,19.59695
6.54978,3.76351,19.61695
6.54502,3.74010,19.63695
6.53861,3.71300,19.65693
6.53221,3.68965,19.67693
6.52479,3.66320,19.69693
6.51576,3.63696,19.71693
6.50782,3.61445,19.73692
6.49777,3.58858,19.75691
6.48823,3.56635,19.77691
6.47649,3.53962,19.79691
6.46277,3.51344,19.81690
6.45100,3.49159,19.83690
6.43600,3.46612,19.85688
6.42233,3.44504,19.87688
6.40591,3.42022,19.89687
6.38750,3.39637,19.91687
6.37161,3.37630,19.93687
6.35118,3.35276,19.95684
6.33323,3.33402,19.97684
6.31032,3.31077,19.99684
6.28508,3.28941,20.01683
6.26445,3.27259,20.03683
6.23769,3.25300,20.05679
6.21503,3.23834,20.07679
6.18715,3.22090,20.09679
6.15742,3.20592,20.11678
6.13318,3.19425,20.13678
6.10206,3.18133,20.15674
6.07634,3.17240,20.17674
6.04442,3.16190,20.19673
6.01128,3.15445,20.21673
5.98517,3.14909,20.23673
5.95235,3.14415,20.25669
5.92552,3.14168,20.27669
5.89706,3.13933,20.29668
5.86828,3.13882,20.31668
5.84752,3.13861,20.33668
5.82640,3.13850,20.35668
5.80582,3.13850,20.37667
5.78582,3.13850,20.39667
5.76582,3.13850,20.41667
5.74582,3.13850,20.43667
5.72582,3.13850,20.45667
5.70583,3.13850,20.47666
5.68583,3.13850,20.49666
5.66583,3.13850,20.51666
5.64583,3.13850,20.53666
5.62583,3.13850,20.55665
5.60584,3.13850,20.57665
5.58584,3.13850,20.59665
5.56584,3.13850,20.61665
5.54584,3.13850,20.63665
5.52585,3.13850,20.65664
5.50585,3.13850,20.67664
5.48585,3.13850,20.69664
5.46585,3.13850,20.71664
5.44585,3.13850,20.73663
5.42586,3.13850,20.75663
5.40586,3.13850,20.77663
5.38586,3.13850,20.79663
5.36586,3.13850,20.81663
5.34587,3.13850,20.83662
5.32587,3.13850,20.85662
5.30587,3.13850,20.87662
5.28587,3.13850,20.89662
5.26587,3.13850,20.91661
5.24588,3.13850,20.93661
5.22588,3.13850,20.95661
5.20588,3.13850,20.97661
5.18588,3.13850,20.99661
5.16589,3.13850,21.01660
5.14589,3.13850,21.03660
5.12589,3.13850,21.05660
5.10589,3.13850,21.07660
5.08589,3.13850,21.09660
5.06590,3.13850,21.11659
5.04590,3.13850,21.13659
5.02590,3.13850,21.15659
5.00590,3.13850,21.17659
4.98590,3.13850,21.19658
4.96591,3.13850,21.21658
4.94591,3.13850,21.23658
4.92591,3.13850,21.25658
4.90591,3.13850,21.27658
4.88592,3.13850,21.29657
4.86592,3.13850,21.31657
4.84592,3.13850,21.33657
4.82592,3.13850,21.35657
4.80592,3.13850,21.37656
4.78593,3.13850,21.39656
4.76593,3.13850,21.41656
4.74551,3.13850,21.43656
4.72461,3.13858,21.45656
4.70414,3.13874,21.47655
4.68020,3.13897,21.49655
4.65618,3.13997,21.51655
4.63386,3.14096,21.53655
4.60918,3.14254,21.55654
4.58675,3.14446,21.57654
4.56202,3.14665,21.59654
4.53726,3.14981,21.61653
4.51452,3.15281,21.63653
4.48888,3.15682,21.65652
4.46611,3.16102,21.67652
4.44034,3.16588,21.69652
4.41468,3.17204,21.71651
4.39187,3.17765,21.73651
4.36581,3.18485,21.75650
4.34315,3.19190,21.77650
4.31723,3.20012,21.79650
4.29161,3.20984,21.81649
4.26920,3.21852,21.83649
4.24339,3.22952,21.85647
4.22144,3.23983,21.87647
4.19614,3.25191,21.89647
4.17144,3.26561,21.91647
4.15046,3.27749,21.93646
4.12633,3.29225,21.95645
4.10601,3.30573,21.97645
4.08292,3.32127,21.99644
4.06062,3.33830,22.01644
4.04160,3.35307,22.03644
4.01996,3.37107,22.05642
4.00186,3.38727,22.07642
3.98164,3.40558,22.09642
3.96234,3.42514,22.11642
3.94589,3.44205,22.13641
3.92752,3.46207,22.15640
3.91202,3.48010,22.17640
3.89491,3.50019,22.19640
3.87874,3.52123,22.21639
3.86496,3.53935,22.23639
3.85000,3.55998,22.25638
3.83703,3.57883,22.27638
3.82273,3.59976,22.29638
3.80926,3.62140,22.31638
3.79795,3.63974,22.33637
3.78611,3.65947,22.35637
3.77526,3.67813,22.37637
3.76370,3.69806,22.39637
3.75261,3.71835,22.41636
3.74294,3.73612,22.43636
3.73326,3.75396,22.45636
3.72367,3.77169,22.47636
3.71406,3.78945,22.49635
3.70448,3.80723,22.51635
3.69437,3.82602,22.53635
3.68379,3.84623,22.55635
3.67407,3.86539,22.57634
3.66472,3.88384,22.59634
3.65548,3.90237,22.61634
3.64652,3.92032,22.63634
3.63756,3.93831,22.65634
3.62862,3.95626,22.67633
3.61932,3.97495,22.69633
3.61015,3.99374,22.71633
3.60104,4.01242,22.73633
3.59170,4.03190,22.75632
3.58283,4.05076,22.77632
3.57428,4.06895,22.79632
3.56574,4.08715,22.81632
3.55723,4.10530,22.83632
3.54870,4.12350,22.85631
3.54020,4.14166,22.87631
3.53111,4.16110,22.89631
3.52224,4.18070,22.91631
3.51386,4.19926,22.93630
3.50539,4.21815,22.95630
3.49712,4.23677,22.97630
3.48900,4.25505,22.99630
3.48088,4.27332,23.01630
3.47273,4.29169,23.03629
3.46454,4.31016,23.05629
3.45641,4.32855,23.07629
3.44774,4.34818,23.09629
3.43930,4.36796,23.11628
3.43140,4.38649,23.13628
3.42350,4.40508,23.15628
3.41565,4.42359,23.17628
3.40789,4.44190,23.19628
3.40012,4.46019,23.21627
3.39227,4.47865,23.23627
3.38441,4.49716,23.25627
3.37658,4.51563,23.27627
3.36821,4.53539,23.29627
3.36007,4.55530,23.31626
3.35253,4.57376,23.33626
3.34504,4.59208,23.35626
3.33749,4.61048,23.37626
3.32985,4.62909,23.39625
3.32223,4.64771,23.41625
3.31464,4.66626,23.43625
3.30704,4.68485,23.45625
3.29947,4.70341,23.47625
3.29154,4.72282,23.49624
3.28377,4.74233,23.51624
3.27633,4.76103,23.53624
3.26888,4.77981,23.55624
3.26148,4.79851,23.57623
3.25423,4.81684,23.59623
3.24693,4.83515,23.61623
3.23948,4.85384,23.63623
3.23199,4.87270,23.65623
3.22457,4.89144,23.67622
3.21696,4.91067,23.69622
3.20946,4.92997,23.71622
3.20221,4.94864,23.73622
3.19497,4.96728,23.75621
3.18773,4.98592,23.77621
3.18049,5.00456,23.79621
3.17325,5.02320,23.81621
3.16601,5.04184,23.83621
3.15877,5.06048,23.85620
3.15153,5.07912,23.87620
3.14408,5.09829,23.89620
3.13673,5.11751,23.91620
3.12956,5.13626,23.93619
3.12238,5.15506,23.95619
3.11523,5.17382,23.97619
3.10811,5.19250,23.99619
3.10098,5.21119,24.01619
3.09390,5.22978,24.03618
3.08683,5.24827,24.05618
3.07972,5.26684,24.07618
3.07241,5.28589,24.09618
3.06517,5.30498,24.11618
3.05803,5.32382,24.13617
3.05087,5.34280,24.15617
3.04377,5.36166,24.17617
3.03680,5.38019,24.19617
3.02981,5.39870,24.21616
3.02273,5.41740,24.23616
3.01566,5.43610,24.25616
3.00859,5.45481,24.27616
3.00144,5.47370,24.29616
2.99433,5.49262,24.31615
2.98728,5.51134,24.33615
2.98024,5.53006,24.35615
2.97320,5.54878,24.37615
2.96617,5.56749,24.39614
2.95913,5.58621,24.41614
2.95209,5.60493,24.43614
2.94505,5.62365,24.45614
2.93801,5.64237,24.47614
2.93107,5.66082,24.49613
2.92408,5.67925,24.51613
2.91699,5.69798,24.53613
2.90988,5.71675,24.55613
2.90279,5.73550,24.57612
2.89564,5.75439,24.59612
2.88853,5.77331,24.61612
2.88153,5.79191,24.63612
2.87457,5.81034,24.65612
2.86754,5.82890,24.67611
2.86050,5.84748,24.69611
2.85344,5.86605,24.71611
2.84634,5.88470,24.73611
2.83926,5.90332,24.75611
2.83215,5.92196,24.77610
2.82503,5.94065,24.79610
2.81790,5.95934,24.81610
2.81082,5.97793,24.83610
2.80375,5.99642,24.85609
2.79664,6.01498,24.87609
2.78958,6.03339,24.89609
2.78248,6.05178,24.91609
2.77530,6.07037,24.93609
2.76813,6.08890,24.95608
2.76093,6.10748,24.97608
2.75366,6.12624,24.99608
2.74640,6.14502,25.01608
2.73932,6.16337,25.03607
2.73231,6.18134,25.05607
2.72513,6.19959,25.07607
2.71795,6.21783,25.09607
2.71072,6.23602,25.11607
2.70335,6.25455,25.13606
2.69598,6.27305,25.15606
2.68859,6.29159,25.17606
2.68123,6.31005,25.19606
2.67385,6.32850,25.21605
2.66657,6.34669,25.23605
2.65941,6.36442,25.25605
2.65202,6.38248,25.27605
2.64460,6.40062,25.29605
2.63712,6.41872,25.31604
2.62952,6.43710,25.33604
2.62194,6.45538,25.35604
2.61431,6.47374,25.37604
2.60690,6.49158,25.39603
2.59939,6.50935,25.41603
2.59175,6.52740,25.43603
2.58421,6.54506,25.45603
2.57646,6.56303,25.47603
2.56873,6.58095,25.49602
2.56094,6.59882,25.51602
2.55313,6.61670,25.53602
2.54545,6.63407,25.55602
2.53751,6.65183,25.57601
2.52990,6.66885,25.59601
2.52211,6.68571,25.61601
2.51373,6.70381,25.63601
2.50534,6.72196,25.65601
2.49694,6.74011,25.67600
2.48957,6.75608,25.69600
2.48188,6.77179,25.71600
2.47333,6.78923,25.73600
2.46491,6.80625,25.75599
2.45619,6.82364,25.77599
2.44767,6.84066,25.79599
2.43901,6.85757,25.81599
2.43071,6.87378,25.83599
2.42312,6.88805,25.85598
2.41440,6.90371,25.87598
2.40521,6.92025,25.89598
2.39587,6.93667,25.91597
2.38676,6.95268,25.93597
2.37832,6.96706,25.95597
2.36885,6.98260,25.97597
2.35905,6.99871,25.99596
2.34910,7.01467,26.01596
2.33916,7.03061,26.03596
2.32978,7.04532,26.05596
2.31958,7.06088,26.07595
2.30914,7.07680,26.09595
2.29859,7.09260,26.11595
2.28828,7.10804,26.13595
2.27869,7.12201,26.15594
2.26810,7.13696,26.17594
2.25723,7.15230,26.19594
2.24624,7.16748,26.21594
2.23532,7.18254,26.23593
2.22514,7.19623,26.25593
2.21394,7.21085,26.27593
2.20339,7.22465,26.29593
2.19257,7.23809,26.31592
2.18091,7.25258,26.33592
2.17001,7.26581,26.35592
2.15808,7.27987,26.37591
2.14734,7.29258,26.39591
2.13629,7.30481,26.41591
2.12451,7.31787,26.43591
2.11420,7.32885,26.45590
2.10204,7.34116,26.47590
2.09102,7.35240,26.49590
2.07966,7.36302,26.51589
2.06708,7.37483,26.53589
2.05635,7.38444,26.55588
2.04341,7.39539,26.57588
2.03312,7.40423,26.59588
2.02246,7.41216,26.61588
2.00942,7.42197,26.63587
1.99916,7.42920,26.65586
1.98576,7.43789,26.67586
1.97687,7.44391,26.69586
1.96771,7.44864,26.71585
1.95455,7.45574,26.73585
1.94573,7.46002,26.75583
1.93240,7.46560,26.77582
1.92547,7.46890,26.79582
1.91858,7.47062,26.81581
1.90556,7.47453,26.83581
1.89855,7.47623,26.85578
1.88561,7.47839,26.87578
1.87886,7.47995,26.89577
1.87247,7.47993,26.91577
1.85832,7.48073,26.93576
1.84985,7.48079,26.95574
1.83603,7.48002,26.97573
1.82652,7.47979,26.99573
1.81753,7.47824,27.01573
1.80139,7.47588,27.03572
1.78867,7.47362,27.05571
1.77279,7.47022,27.07571
1.75715,7.46693,27.09571
1.74179,7.46304,27.11570
1.72722,7.45943,27.13570
1.71804,7.45671,27.15568
1.70442,7.45184,27.17568
1.70023,7.45095,27.19567
1.69716,7.44874,27.21567
1.68510,7.44249,27.23566
1.67870,7.43871,27.25563
1.66764,7.43111,27.27563
1.66050,7.42665,27.29563
1.65448,7.42121,27.31562
1.64293,7.41154,27.33562
1.63537,7.40462,27.35560
1.62488,7.39402,27.37560
1.61627,7.38559,27.39559
1.60861,7.37652,27.41559
1.59815,7.36445,27.43559
1.59063,7.35510,27.45557
1.58118,7.34238,27.47557
1.57387,7.33279,27.49557
1.56757,7.32271,27.51557
1.55878,7.30901,27.53556
1.55232,7.29818,27.55555
1.54456,7.28399,27.57555
1.53806,7.27240,27.59555
1.53251,7.26048,27.61554
1.52544,7.24559,27.63554
1.52026,7.23376,27.65553
1.51424,7.21858,27.67553
1.50920,7.20621,27.69553
1.50513,7.19363,27.71552
1.49986,7.17775,27.73552
1.49600,7.16488,27.75551
1.49174,7.14884,27.77551
1.48824,7.13611,27.79551
1.48573,7.12329,27.81550
1.48239,7.10684,27.83550
1.48006,7.09345,27.85549
1.47772,7.07695,27.87549
1.47572,7.06375,27.89549
1.47472,7.05057,27.91548
1.47331,7.03370,27.93548
1.47253,7.01982,27.95547
1.47208,7.00299,27.97547
1.47161,6.98918,27.99547
1.47206,6.97549,28.01546
1.47251,6.95879,28.03546
1.47326,6.94535,28.05545
1.47472,6.92879,28.07545
1.47582,6.91508,28.09545
1.47783,6.90156,28.11544
1.48023,6.88472,28.13544
1.48257,6.87088,28.15543
1.48588,6.85429,28.17543
1.48845,6.84083,28.19543
1.49192,6.82768,28.21543
1.49610,6.81137,28.23542
1.49985,6.79831,28.25541
1.50495,6.78242,28.27541
1.50887,6.76981,28.29541
1.51369,6.75763,28.31541
1.51980,6.74186,28.33540
1.52514,6.72910,28.35539
1.53210,6.71379,28.37539
1.53893,6.69863,28.39539
1.54624,6.68376,28.41539
1.55422,6.66747,28.43538
1.56161,6.65297,28.45538
1.57011,6.63701,28.47538
1.57798,6.62214,28.49538
1.58629,6.60758,28.51537
1.59579,6.59088,28.53537
1.60504,6.57487,28.55537
1.61477,6.55830,28.57537
1.62338,6.54360,28.59536
1.63238,6.52919,28.61536
1.64270,6.51263,28.63536
1.65285,6.49649,28.65536
1.66331,6.48002,28.67536
1.67317,6.46448,28.69535
1.68325,6.44911,28.71535
1.69390,6.43287,28.73535
1.70432,6.41713,28.75535
1.71513,6.40100,28.77534
1.72571,6.38520,28.79534
1.73642,6.36951,28.81534
1.74747,6.35333,28.83534
1.75834,6.33753,28.85533
1.76950,6.32144,28.87533
1.78072,6.30526,28.89533
1.79198,6.28911,28.91533
1.80328,6.27291,28.93533
1.81447,6.25694,28.95532
1.82584,6.24080,28.97532
1.83717,6.22470,28.99532
1.84855,6.20864,29.01532
1.86002,6.19245,29.03532
1.87142,6.17640,29.05531
1.88293,6.16025,29.07531
1.89443,6.14411,29.09531
1.90595,6.12799,29.11531
1.91763,6.11165,29.13530
1.92936,6.09522,29.15530
1.94102,6.07886,29.17530
1.95262,6.06257,29.19530
1.96423,6.04629,29.21530
1.97592,6.02988,29.23529
1.98768,6.01332,29.25529
1.99934,5.99687,29.27529
2.01107,5.98030,29.29529
2.02277,5.96369,29.31528
2.03428,5.94734,29.33528
2.04580,5.93099,29.35528
2.05731,5.91464,29.37528
2.06928,5.89764,29.39528
2.08114,5.88054,29.41527
2.09260,5.86402,29.43527
2.10409,5.84742,29.45527
2.11551,5.83089,29.47527
2.12767,5.81328,29.49526
2.13964,5.79550,29.51526
2.15082,5.77888,29.53526
2.16197,5.76228,29.55526
2.17313,5.74568,29.57526
2.18507,5.72792,29.59525
2.19680,5.70999,29.61525
2.20786,5.69308,29.63525
2.21899,5.67601,29.65525
2.22998,5.65907,29.67525
2.24163,5.64112,29.69524
2.25308,5.62300,29.71524
2.26403,5.60566,29.73524
2.27516,5.58785,29.75524
2.28596,5.57040,29.77523
2.29715,5.55231,29.79523
2.30816,5.53406,29.81523
2.31885,5.51632,29.83523
2.32980,5.49791,29.85522
2.34029,5.48001,29.87522
2.35108,5.46158,29.89522
2.36167,5.44299,29.91522
2.37203,5.42478,29.93522
2.38271,5.40564,29.95521
2.39279,5.38721,29.97521
2.40309,5.36837,29.99521
2.41316,5.34937,30.01521
2.42307,5.33065,30.03520
2.43335,5.31074,30.05520
2.44290,5.29174,30.07520
2.45262,5.27237,30.09520
2.46208,5.25283,30.11519
2.47137,5.23359,30.13519
2.48106,5.21292,30.15519
2.48993,5.19335,30.17519
2.49898,5.17334,30.19518
2.50771,5.15314,30.21518
2.51629,5.13323,30.23518
2.52525,5.11159,30.25517
2.53328,5.09133,30.27517
2.54167,5.07008,30.29517
2.54958,5.04857,30.31517
2.55697,5.02836,30.33517
2.56461,5.00661,30.35516
2.57149,4.98613,30.37516
2.57918,4.96308,30.39516
2.58609,4.93966,30.41516
2.59212,4.91902,30.43515
2.59827,4.89696,30.45515
2.60378,4.87616,30.47515
2.61015,4.85183,30.49514
2.61555,4.82713,30.51514
2.62004,4.80617,30.53514
2.62456,4.78389,30.55514
2.62855,4.76283,30.57513
2.63324,4.73771,30.59513
2.63684,4.71227,30.61513
2.63967,4.69167,30.63513
2.64245,4.67048,30.65512
2.64502,4.64993,30.67512
2.64805,4.62524,30.69512
2.65013,4.60034,30.71512
2.65178,4.57977,30.73511
2.65337,4.55873,30.75511
2.65481,4.53820,30.77511
2.65648,4.51384,30.79511
2.65728,4.48934,30.81511
2.65790,4.46882,30.83510
2.65844,4.44793,30.85510
2.65889,4.42746,30.87510
2.65938,4.40418,30.89510
2.65924,4.38081,30.91509
2.65907,4.36019,30.93509
2.65880,4.33907,30.95509
2.65843,4.31849,30.97509
2.65801,4.29586,30.99509
2.65709,4.27317,31.01508
2.65622,4.25270,31.03508
2.65527,4.23183,31.05508
2.65425,4.21139,31.07508
2.65311,4.18901,31.09507
2.65152,4.16659,31.11507
2.65006,4.14636,31.13507
2.64855,4.12595,31.15507
2.64701,4.10576,31.17507
2.64533,4.08387,31.19506
2.64328,4.06194,31.21506
2.64136,4.04155,31.23506
2.63931,4.02073,31.25506
2.63722,4.00036,31.27505
2.63504,3.97917,31.29505
2.63262,3.95796,31.31505
2.63029,3.93763,31.33505
2.62783,3.91686,31.35504
2.62533,3.89653,31.37504
2.62280,3.87603,31.39504
2.62016,3.85553,31.41504
2.61753,3.83515,31.43504
2.61473,3.81419,31.45503
2.61188,3.79379,31.47503
2.60906,3.77355,31.49503
2.60616,3.75331,31.51503
2.60324,3.73297,31.53502
2.60014,3.71206,31.55502
2.59701,3.69169,31.57502
2.59397,3.67196,31.59502
2.59094,3.65223,31.61502
2.58784,3.63202,31.63501
2.58458,3.61132,31.65501
2.58129,3.59107,31.67501
2.57809,3.57137,31.69501
2.57490,3.55166,31.71500
2.57164,3.53150,31.73500
2.56821,3.51086,31.75500
2.56477,3.49066,31.77500
2.56141,3.47095,31.79500
2.55805,3.45123,31.81499
2.55469,3.43150,31.83499
2.55132,3.41175,31.85499
2.54795,3.39202,31.87499
2.54456,3.37213,31.89498
2.54113,3.35224,31.91498
2.53773,3.33253,31.93498
2.53433,3.31282,31.95498
2.53094,3.29311,31.97498
2.52754,3.27341,31.99497
2.52414,3.25370,32.01497
2.52076,3.23410,32.03497
2.51742,3.21460,32.05497
2.51408,3.19501,32.07497
2.51079,3.17572,32.09496
2.50758,3.15643,32.11496
2.50432,3.13682,32.13496
2.50109,3.11731,32.15496
2.49787,3.09769,32.17495
2.49470,3.07842,32.19495
2.49162,3.05914,32.21495
2.48853,3.03982,32.23495
2.48558,3.02094,32.25495
2.48265,3.00164,32.27494
2.47972,2.98233,32.29494
2.47687,2.96302,32.31494
2.47404,2.94386,32.33494
2.47142,2.92539,32.35493
2.46884,2.90628,32.37493
2.46621,2.88692,32.39493
2.46368,2.86756,32.41493
2.46121,2.84879,32.43493
2.45907,2.83119,32.45492
2.45701,2.81251,32.47492
2.45490,2.79349,32.49492
2.45295,2.77449,32.51492
2.45105,2.75600,32.53491
2.44952,2.73903,32.55491
2.44812,2.72065,32.57491
2.44676,2.70288,32.59491
2.44576,2.68515,32.61490
2.44470,2.66621,32.63490
2.44384,2.64826,32.65490
2.44312,2.62937,32.67490
2.44250,2.61437,32.69489
2.44265,2.59954,32.71489
2.44278,2.58161,32.73489
2.44318,2.56568,32.75488
2.44397,2.54788,32.77488
2.44462,2.53224,32.79488
2.44594,2.51681,32.81488
2.44739,2.49945,32.83487
2.44895,2.48474,32.85487
2.45120,2.46766,32.87486
2.45325,2.45175,32.89486
2.45591,2.43608,32.91486
2.45893,2.41808,32.93486
2.46191,2.40180,32.95485
2.46548,2.38400,32.97485
2.46859,2.36827,32.99485
2.47229,2.35280,33.01485
2.47640,2.33550,33.03484
2.48027,2.32047,33.05484
2.48503,2.30353,33.07483
2.48897,2.28929,33.09483
2.49361,2.27547,33.11483
2.49902,2.25919,33.13483
2.50386,2.24573,33.15482
2.51005,2.22994,33.17482
2.51498,2.21707,33.19481
2.52068,2.20477,33.21481
2.52750,2.18983,33.23481
2.53319,2.17831,33.25480
2.54088,2.16406,33.27479
2.54635,2.15358,33.29479
2.55264,2.14395,33.31479
2.56123,2.13045,33.33479
2.56804,2.12051,33.35477
2.57747,2.10788,33.37477
2.58467,2.09798,33.39477
2.59256,2.08896,33.41476
2.60279,2.07702,33.43476
2.61050,2.06866,33.45474
2.62145,2.05780,33.47474
2.63006,2.04903,33.49474
2.63923,2.04124,33.51474
2.65171,2.03042,33.53473
2.66185,2.02213,33.55472
2.67485,2.01225,33.57472
2.68587,2.00373,33.59472
2.69727,1.99606,33.61471
2.71182,1.98617,33.63471
2.72461,1.97786,33.65471
2.73947,1.96867,33.67470
2.75322,1.96013,33.69470
2.76717,1.95218,33.71470
2.78336,1.94292,33.73470
2.79853,1.93447,33.75469
2.81490,1.92562,33.77469
2.83163,1.91657,33.79469
2.84842,1.90768,33.81469
2.86440,1.89921,33.83468
2.87863,1.89197,33.85468
2.89471,1.88420,33.87468
2.90776,1.87780,33.89467
2.92099,1.87223,33.91467
2.93692,1.86547,33.93467
2.95052,1.86005,33.95466
2.96662,1.85413,33.97466
2.98038,1.84899,33.99466
2.99424,1.84467,34.01465
3.01096,1.83940,34.03465
3.02543,1.83517,34.05465
3.04223,1.83070,34.07464
3.05699,1.82671,34.09464
3.07178,1.82347,34.11464
3.08936,1.81957,34.13464
3.10510,1.81635,34.15463
3.12272,1.81310,34.17463
3.13850,1.81015,34.19463
3.15426,1.80784,34.21462
3.17211,1.80519,34.23462
3.18808,1.80309,34.25462
3.20591,1.80109,34.27461
3.22207,1.79924,34.29461
3.23817,1.79800,34.31461
3.25622,1.79658,34.33461
3.27236,1.79557,34.35460
3.29031,1.79479,34.37460
3.30679,1.79404,34.39460
3.32318,1.79385,34.41460
3.34138,1.79363,34.43459
3.35778,1.79367,34.45459
3.37586,1.79404,34.47459
3.39236,1.79435,34.49458
3.40873,1.79521,34.51458
3.42689,1.79615,34.53458
3.44324,1.79724,34.55457
3.46126,1.79877,34.57457
3.47792,1.80015,34.59457
3.49443,1.80206,34.61457
3.51251,1.80412,34.63457
3.52874,1.80623,34.65456
3.54662,1.80888,34.67456
3.56291,1.81125,34.69456
3.57898,1.81417,34.71455
3.59686,1.81740,34.73455
3.61289,1.82054,34.75455
3.63053,1.82434,34.77454
3.64633,1.82770,34.79454
3.66185,1.83163,34.81454
3.67922,1.83600,34.83454
3.69452,1.84013,34.85453
3.71160,1.84513,34.87453
3.72559,1.84914,34.89453
3.73916,1.85389,34.91453
3.75383,1.85893,34.93452
3.76380,1.86281,34.95450
3.77754,1.86894,34.97450
3.78858,1.87367,34.99450
3.79889,1.87929,35.01450
3.81339,1.88699,35.03449
3.82461,1.89339,35.05448
3.83842,1.90193,35.07448
3.85072,1.90944,35.09448
3.86243,1.91757,35.11447
3.87708,1.92766,35.13447
3.88979,1.93676,35.15447
3.90394,1.94736,35.17446
3.91728,1.95731,35.19446
3.93020,1.96762,35.21446
3.94467,1.97915,35.23446
3.95789,1.98996,35.25445
3.97201,2.00184,35.27445
3.98592,2.01352,35.29445
3.99957,2.02540,35.31445
4.01410,2.03804,35.33444
4.02803,2.05030,35.35444
4.04238,2.06311,35.37444
4.05649,2.07571,35.39444
4.07044,2.08842,35.41443
4.08515,2.10181,35.43443
4.09981,2.11518,35.45443
4.11452,2.12862,35.47443
4.12940,2.14220,35.49443
4.14429,2.15577,35.51442
4.15919,2.16934,35.53442
4.17424,2.18301,35.55442
4.18920,2.19655,35.57442
4.20493,2.21079,35.59442
4.22083,2.22488,35.61441
4.23639,2.23866,35.63441
4.25267,2.25287,35.65441
4.26848,2.26648,35.67441
4.28493,2.28062,35.69440
4.30163,2.29456,35.71440
4.31778,2.30802,35.73440
4.33486,2.32200,35.75440
4.35132,2.33521,35.77439
4.36923,2.34956,35.79439
4.38757,2.36353,35.81439
4.40496,2.37672,35.83439
4.42405,2.39075,35.85438
4.44197,2.40345,35.87438
4.46151,2.41725,35.89438
4.48159,2.43049,35.91438
4.50021,2.44269,35.93437
4.52100,2.45575,35.95437
4.54023,2.46729,35.97436
4.56167,2.48007,35.99436
4.58375,2.49207,36.01436
4.60384,2.50287,36.03436
4.62668,2.51449,36.05435
4.64744,2.52438,36.07435
4.67080,2.53541,36.09434
4.69485,2.54544,36.11434
4.71656,2.55434,36.13434
4.74180,2.56387,36.15433
4.76425,2.57155,36.17433
4.79013,2.58023,36.19432
4.81669,2.58751,36.21432
4.83899,2.59345,36.23432
4.86431,2.59953,36.25431
4.88703,2.60432,36.27431
4.90936,2.60900,36.29430
4.93188,2.61317,36.31430
4.95304,2.61704,36.33430
4.97571,2.62090,36.35429
4.99704,2.62424,36.37429
5.01963,2.62774,36.39429
5.04240,2.63071,36.41429
5.06380,2.63347,36.43429
5.08682,2.63613,36.45428
5.10840,2.63830,36.47428
5.13131,2.64058,36.49428
5.15439,2.64230,36.51427
5.17603,2.64385,36.53427
5.19938,2.64521,36.55427
5.22117,2.64613,36.57427
5.24397,2.64707,36.59426
5.26688,2.64748,36.61426
5.28834,2.64782,36.63426
5.31126,2.64791,36.65426
5.33282,2.64770,36.67425
5.35564,2.64745,36.69425
5.37856,2.64666,36.71425
5.39990,2.64589,36.73425
5.42256,2.64482,36.75424
5.44395,2.64354,36.77424
5.46631,2.64219,36.79424
5.48874,2.64037,36.81424
5.50970,2.63864,36.83423
5.53165,2.63665,36.85423
5.55263,2.63454,36.87423
5.57425,2.63236,36.89423
5.59589,2.62985,36.91422
5.61665,2.62743,36.93422
5.63829,2.62474,36.95422
5.65908,2.62197,36.97422
5.68000,2.61919,36.99421
5.70093,2.61620,37.01421
5.72151,2.61325,37.03421
5.74289,2.61003,37.05421
5.76351,2.60677,37.07421
5.78407,2.60352,37.09420
5.80464,2.60011,37.11420
5.82484,2.59676,37.13420
5.84550,2.59324,37.15420
5.86571,2.58971,37.17419
5.88604,2.58616,37.19419
5.90637,2.58248,37.21419
5.92650,2.57884,37.23419
5.94707,2.57504,37.25419
5.96721,2.57123,37.27418
5.98728,2.56742,37.29418
6.00735,2.56355,37.31418
6.02720,2.55970,37.33418
6.04726,2.55579,37.35417
6.06711,2.55186,37.37417
6.08698,2.54794,37.39417
6.10685,2.54397,37.41417
6.12656,2.54002,37.43417
6.14639,2.53604,37.45416
6.16611,2.53206,37.47416
6.18612,2.52801,37.49416
6.20614,2.52389,37.51416
6.22586,2.51982,37.53415
6.24571,2.51571,37.55415
6.26542,2.51160,37.57415
6.28496,2.50752,37.59415
6.30449,2.50346,37.61415
6.32409,2.49938,37.63414
6.34371,2.49529,37.65414
6.36331,2.49120,37.67414
6.38305,2.48708,37.69414
6.40279,2.48293,37.71414
6.42239,2.47882,37.73413
6.44200,2.47469,37.75413
6.46160,2.47056,37.77413
6.48096,2.46648,37.79413
6.50032,2.46244,37.81412
6.52018,2.45830,37.83412
6.54039,2.45403,37.85412
6.56029,2.44975,37.87412
6.58332,2.44478,37.89412
6.60634,2.43910,37.91411
6.62618,2.43415,37.93411
6.64620,2.42910,37.95411
6.66592,2.42406,37.97411
6.69055,2.41769,37.99410
6.71511,2.41020,38.01410
6.73514,2.40398,38.03410
6.75569,2.39746,38.05410
6.77552,2.39101,38.07409
6.79589,2.38437,38.09409
6.81624,2.37746,38.11409
6.83677,2.37046,38.13409
6.85895,2.36255,38.15408
6.87948,2.35484,38.17408
6.89884,2.34756,38.19408
6.91818,2.34015,38.21408
6.93739,2.33279,38.23407
6.95716,2.32510,38.25407
6.97637,2.31750,38.27407
6.99667,2.30946,38.29407
7.01692,2.30107,38.31406
7.03562,2.29330,38.33406
7.05443,2.28545,38.35406
7.07306,2.27763,38.37406
7.09242,2.26951,38.39406
7.11174,2.26120,38.41405
7.13069,2.25304,38.43405
7.15021,2.24452,38.45405
7.16913,2.23611,38.47405
7.18749,2.22796,38.49404
7.20584,2.21979,38.51404
7.22437,2.21154,38.53404
7.24318,2.20311,38.55404
7.26171,2.19474,38.57404
7.28081,2.18611,38.59403
7.29988,2.17730,38.61403
7.31819,2.16883,38.63403
7.33660,2.16029,38.65403
7.35488,2.15177,38.67402
7.37275,2.14345,38.69402
7.39062,2.13518,38.71402
7.40918,2.12660,38.73402
7.42820,2.11770,38.75402
7.44677,2.10891,38.77401
7.46511,2.10023,38.79401
7.48343,2.09150,38.81401
7.50137,2.08295,38.83401
7.51916,2.07449,38.85400
7.53709,2.06600,38.87400
7.55560,2.05724,38.89400
7.57409,2.04839,38.91400
7.59214,2.03974,38.93400
7.61018,2.03110,38.95399
7.62822,2.02247,38.97399
7.64643,2.01374,38.99399
7.66463,2.00499,39.01399
7.68258,1.99635,39.03398
7.70042,1.98778,39.05398
7.71836,1.97919,39.07398
7.73665,1.97043,39.09398
7.75494,1.96162,39.11398
7.77284,1.95298,39.13397
7.79059,1.94445,39.15397
7.80848,1.93588,39.17397
7.82652,1.92725,39.19397
7.84455,1.91861,39.21397
7.86259,1.90997,39.23396
7.88062,1.90133,39.25396
7.89866,1.89269,39.27396
7.91626,1.88426,39.29396
7.93388,1.87592,39.31395
7.95193,1.86737,39.33395
7.97001,1.85881,39.35395
7.98808,1.85025,39.37395
8.00598,1.84178,39.39395
8.02389,1.83334,39.41394
8.04197,1.82482,39.43394
8.06006,1.81629,39.45394
8.07815,1.80777,39.47394
8.09537,1.79965,39.49393
8.11262,1.79170,39.51393
8.13070,1.78338,39.53393
8.14879,1.77506,39.55393
8.16691,1.76674,39.57393
8.18534,1.75827,39.59392
8.20376,1.74975,39.61392
8.22156,1.74152,39.63392
8.23891,1.73357,39.65392
8.25667,1.72553,39.67391
8.27401,1.71768,39.69391
8.29138,1.70999,39.71391
8.30971,1.70189,39.73391
8.32818,1.69371,39.75391
8.34656,1.68555,39.77390
8.36458,1.67754,39.79390
8.38260,1.66959,39.81390
8.40022,1.66182,39.83390
8.41708,1.65451,39.85389
8.43467,1.64706,39.87389
8.45264,1.63944,39.89389
8.47062,1.63191,39.91389
8.48913,1.62416,39.93389
8.50776,1.61634,39.95388
8.52630,1.60854,39.97388
8.54385,1.60115,39.99388
8.56142,1.59393,40.01388
8.57920,1.58663,40.03387
8.59624,1.57977,40.05387
8.61401,1.57278,40.07387
8.63218,1.56563,40.09387
8.65035,1.55857,40.11387
8.66897,1.55133,40.13386
8.68761,1.54409,40.15386
8.70625,1.53685,40.17386
8.72274,1.53043,40.19386
8.73926,1.52442,40.21385
8.75742,1.51781,40.23385
8.77511,1.51147,40.25385
8.79334,1.50506,40.27385
8.81202,1.49849,40.29385
8.83069,1.49196,40.31384
8.84908,1.48553,40.33384
8.86691,1.47939,40.35384
8.88526,1.47318,40.37384
8.90139,1.46770,40.39383
8.91751,1.46274,40.41383
8.93625,1.45698,40.43383
8.95490,1.45128,40.45383
8.97378,1.44557,40.47382
8.99298,1.43976,40.49382
9.01218,1.43393,40.51382
9.02900,1.42881,40.53382
9.04304,1.42488,40.55381
9.05954,1.42075,40.57381
9.07853,1.41597,40.59381
9.09752,1.41127,40.61380
9.11679,1.40650,40.63380
9.13594,1.40178,40.65380
9.15522,1.39706,40.67380
9.16916,1.39358,40.69379
9.18296,1.39099,40.71379
9.20158,1.38746,40.73379
9.21964,1.38416,40.75379
9.23845,1.38088,40.77378
9.25819,1.37744,40.79378
9.27793,1.37399,40.81378
9.29392,1.37116,40.83378
9.30535,1.36954,40.85376
9.32061,1.36809,40.87376
9.33925,1.36625,40.89376
9.35783,1.36464,40.91375
9.37638,1.36303,40.93375
9.39340,1.36176,40.95375
9.41173,1.36066,40.97375
9.42362,1.35980,40.99374
9.43506,1.36008,41.01374
9.45418,1.36039,41.03374
9.47328,1.36076,41.05373
9.49277,1.36123,41.07373
9.50681,1.36149,41.09373
9.52044,1.36262,41.11373
9.53397,1.36362,41.13372
9.54019,1.36441,41.15369
9.55232,1.36703,41.17368
9.55657,1.36733,41.19368
9.55955,1.36898,41.21367
9.56993,1.37260,41.23367
9.57164,1.37330,41.25360
9.58037,1.37843,41.27360
9.58391,1.37974,41.29360
9.58587,1.38199,41.31358
9.59537,1.38924,41.33358
9.59837,1.39184,41.35353
9.60611,1.40012,41.37353
9.61095,1.40455,41.39352
9.61420,1.40952,41.41352
9.62260,1.42064,41.43351
9.62714,1.42733,41.45348
9.63399,1.43904,41.47348
9.63943,1.44778,41.49348
9.64355,1.45679,41.51347
9.65021,1.47061,41.53347
9.65448,1.48042,41.55345
9.65977,1.49447,41.57345
9.66453,1.50664,41.59345
9.66824,1.51890,41.61345
9.67328,1.53511,41.63344
9.67709,1.54857,41.65343
9.68117,1.56483,41.67343
9.68470,1.57853,41.69343
9.68733,1.59222,41.71343
9.69075,1.60967,41.73342
9.69348,1.62510,41.75342
9.69619,1.64257,41.77342
9.69861,1.65778,41.79341
9.70029,1.67291,41.81341
9.70232,1.69085,41.83341
9.70388,1.70694,41.85340
9.70527,1.72482,41.87340
9.70659,1.74127,41.89340
9.70733,1.75763,41.91340
9.70818,1.77603,41.93339
9.70874,1.79287,41.95339
9.70906,1.81117,41.97339
9.70941,1.83009,41.99339
9.70956,1.84896,42.01338
9.70972,1.86881,42.03338
9.70986,1.88858,42.05338
9.70998,1.90846,42.07338
9.71010,1.92845,42.09338
9.71022,1.94845,42.11337
9.71034,1.96855,42.13337
9.71048,1.98877,42.15337
9.71064,2.00889,42.17337
9.71080,2.02867,42.19336
9.71092,2.04845,42.21336
9.71104,2.06854,42.23336
9.71118,2.08876,42.25336
9.71134,2.10888,42.27336
9.71150,2.12866,42.29335
9.71162,2.14843,42.31335
9.71174,2.16853,42.33335
9.71188,2.18875,42.35335
9.71204,2.20887,42.37334
9.71220,2.22865,42.39334
9.71232,2.24842,42.41334
9.71244,2.26841,42.43334
9.71256,2.28841,42.45334
9.71268,2.30840,42.47333
9.71280,2.32862,42.49333
9.71296,2.34884,42.51333
9.71312,2.36874,42.53333
9.71326,2.38851,42.55332
9.71338,2.40839,42.57332
9.71350,2.42860,42.59332
9.71366,2.44882,42.61332
9.71382,2.46873,42.63332
9.71396,2.48850,42.65331
9.71408,2.50838,42.67331
9.71420,2.52837,42.69331
9.71432,2.54837,42.71331
9.71444,2.56847,42.73331
9.71458,2.58869,42.75330
9.71474,2.60881,42.77330
9.71490,2.62860,42.79330
9.71502,2.64837,42.81330
9.71514,2.66846,42.83329
9.71528,2.68868,42.85329
9.71544,2.70880,42.87329
9.71560,2.72858,42.89329
9.71572,2.74835,42.91329
9.71584,2.76834,42.93328
9.71596,2.78834,42.95328
9.71608,2.80834,42.97328
9.71620,2.82855,42.99328
9.71636,2.84877,43.01327
9.71652,2.86868,43.03327
9.71666,2.88845,43.05327
9.71678,2.90832,43.07327
9.71690,2.92854,43.09327
9.71706,2.94876,43.11326
9.71722,2.96866,43.13326
9.71736,2.98843,43.15326
9.71748,3.00831,43.17326
9.71760,3.02831,43.19325
9.71772,3.04831,43.21325
9.71784,3.06841,43.23325
9.71798,3.08863,43.25325
9.71814,3.10875,43.27325
9.71830,3.12853,43.29324
9.71842,3.14830,43.31324
9.71854,3.16839,43.33324
9.71868,3.18861,43.35324
9.71884,3.20873,43.37324
9.71900,3.22852,43.39323
9.71912,3.24829,43.41323
9.71924,3.26828,43.43323
9.71936,3.28827,43.45323
9.71948,3.30827,43.47322
9.71960,3.32848,43.49322
9.71976,3.34871,43.51322
9.71992,3.36861,43.53322
9.72006,3.38838,43.55322
9.72018,3.40826,43.57321
9.72030,3.42847,43.59321
9.72046,3.44869,43.61321
9.72062,3.46860,43.63321
9.72076,3.48837,43.65320
9.72088,3.50824,43.67320
9.72100,3.52824,43.69320
9.72112,3.54824,43.71320
9.72124,3.56834,43.73320
9.72138,3.58856,43.75319
9.72154,3.60868,43.77319
9.72170,3.62846,43.79319
9.72182,3.64824,43.81319
9.72194,3.66832,43.83318
9.72208,3.68855,43.85318
9.72224,3.70867,43.87318
9.72240,3.72845,43.89318
9.72252,3.74822,43.91318
9.72264,3.76821,43.93317
9.72276,3.78821,43.95317
9.72288,3.80820,43.97317
9.72300,3.82842,43.99317
9.72316,3.84864,44.01316
9.72332,3.86854,44.03316
9.72346,3.88832,44.05316
9.72358,3.90819,44.07316
9.72370,3.92840,44.09316
9.72386,3.94862,44.11315
9.72402,3.96853,44.13315
9.72416,3.98830,44.15315
9.72428,4.00818,44.17315
9.72440,4.02839,44.19315
9.72456,4.04861,44.21314
9.72472,4.06852,44.23314
9.72486,4.08829,44.25314
9.72498,4.10816,44.27314
9.72510,4.12816,44.29313
9.72522,4.14816,44.31313
9.72534,4.16826,44.33313
9.72548,4.18848,44.35313
9.72564,4.20860,44.37313
9.72580,4.22838,44.39312
9.72592,4.24816,44.41312
9.72604,4.26824,44.43312
9.72618,4.28847,44.45312
9.72634,4.30859,44.47311
9.72650,4.32837,44.49311
9.72662,4.34814,44.51311
9.72674,4.36813,44.53311
9.72686,4.38813,44.55311
9.72698,4.40812,44.57310
9.72710,4.42833,44.59310
9.72726,4.44856,44.61310
9.72742,4.46846,44.63310
9.72756,4.48824,44.65309
9.72768,4.50811,44.67309
9.72780,4.52832,44.69309
9.72796,4.54854,44.71309
9.72812,4.56845,44.73309
9.72826,4.58822,44.75308
9.72838,4.60810,44.77308
9.72850,4.62809,44.79308
9.72862,4.64809,44.81308
9.72874,4.66819,44.83308
9.72888,4.68841,44.85307
9.72904,4.70853,44.87307
9.72920,4.72832,44.89307
9.72932,4.74809,44.91307
9.72944,4.76818,44.93306
9.72958,4.78840,44.95306
9.72974,4.80852,44.97306
9.72990,4.82830,44.99306
9.73002,4.84808,45.01306
9.73014,4.86806,45.03305
9.73026,4.88806,45.05305
9.73038,4.90806,45.07305
9.73050,4.92827,45.09305
9.73066,4.94849,45.11304
9.73082,4.96840,45.13304
9.73096,4.98817,45.15304
9.73108,5.00804,45.17304
9.73120,5.02825,45.19304
9.73136,5.04848,45.21303
9.73152,5.06839,45.23303
9.73166,5.08816,45.25303
9.73178,5.10803,45.27303
9.73190,5.12803,45.29302
9.73202,5.14803,45.31302
9.73214,5.16812,45.33302
9.73228,5.18835,45.35302
9.73244,5.20847,45.37302
9.73260,5.22825,45.39301
9.73272,5.24802,45.41301
9.73284,5.26811,45.43301
9.73298,5.28833,45.45301
9.73314,5.30845,45.47301
9.73330,5.32824,45.49300
9.73342,5.34801,45.51300
9.73354,5.36800,45.53300
9.73366,5.38799,45.55300
9.73378,5.40799,45.57299
9.73390,5.42820,45.59299
9.73406,5.44842,45.61299
9.73422,5.46833,45.63299
9.73436,5.48811,45.65299
9.73448,5.50798,45.67298
9.73460,5.52819,45.69298
9.73476,5.54841,45.71298
9.73492,5.56832,45.73298
9.73506,5.58809,45.75297
9.73518,5.60796,45.77297
9.73530,5.62817,45.79297
9.73546,5.64840,45.81297
9.73562,5.66831,45.83297
9.73576,5.68808,45.85296
9.73588,5.70795,45.87296
9.73600,5.72795,45.89296
9.73612,5.74795,45.91296
9.73624,5.76804,45.93295
9.73638,5.78826,45.95295
9.73654,5.80839,45.97295
9.73670,5.82817,45.99295
9.73682,5.84795,46.01295
9.73694,5.86803,46.03294
9.73708,5.88825,46.05294
9.73724,5.90837,46.07294
9.73740,5.92816,46.09294
9.73752,5.94793,46.11294
9.73764,5.96792,46.13293
9.73776,5.98791,46.15293
9.73788,6.00791,46.17293
9.73800,6.02812,46.19293
9.73816,6.04834,46.21292
9.73832,6.06825,46.23292
9.73846,6.08803,46.25292
9.73858,6.10790,46.27292
9.73870,6.12811,46.29292
9.73886,6.14833,46.31291
9.73902,6.16824,46.33291
9.73916,6.18801,46.35291
9.73928,6.20788,46.37291
9.73940,6.22788,46.39290
9.73952,6.24788,46.41290
9.73964,6.26797,46.43290
9.73978,6.28820,46.45290
9.73994,6.30832,46.47290
9.74010,6.32811,46.49289
9.74022,6.34788,46.51289
9.74034,6.36790,46.53289
9.74046,6.38798,46.55289
9.74060,6.40803,46.57288
9.74073,6.42803,46.59288
9.74087,6.44802,46.61288
